Workbook

Sheet Notes
A1: Methodology and assumptions
A3: Source data: dNBR (delta Normalized Burn Ratio) computed from Landsat 5/7/8/9 Collection 2 Level 2 surface reflectance (30 m), annual median composites, 2010-2025, crossed with CLC2018 (Corine Land Cover 2018, 100 m) land-cover classes, over the 25 forest massifs of Provence (asset: MASSIFS_FORESTIERS_S_013).
A5: Vegetation classes: restricted to CLC2018 codes 311-324 (Level-2 groups '3.1 Forests' and '3.2 Shrub and/or herbaceous vegetation associations'): Broad-leaved forest (311), Coniferous forest (312), Mixed forest (313), Natural grasslands (321), Moors and heathland (322), Sclerophyllous vegetation (323), Transitional woodland-shrub (324). This excludes CLC codes 331-335 (beaches/dunes/sands, bare rocks, sparse vegetation, burnt areas, glaciers and perpetual snow) as well as all agricultural (2xx) and artificial/urban (1xx) classes. This scope was chosen by the analyst to isolate vegetated land cover; it is not part of the official CLC nomenclature and should be reviewed if a different definition is preferred.
A7: Fire severity classes: derived from dNBR using standard USGS-style thresholds (raw -1..1 scale): Low severity 0.10-0.27, Moderate-low severity 0.27-0.44, Moderate-high severity 0.44-0.66, High severity > 0.66. Pixels with dNBR <= 0.10 (non-burned / unaffected) are excluded from these tables, since the goal is to quantify area actually affected by fire.
A9: Number of periods: the study covers 16 calendar years (2010-2025), which yields 15 year-over-year dNBR intervals (2010-2011 through 2024-2025), not 14. Each interval is one sheet in this workbook.
A11: Each period sheet reports area in hectares (ha) of vegetated land within the 25 massifs, broken down by vegetation class (rows) and fire severity class (columns), for pixels where dNBR indicates the area was affected by fire in that specific year-over-year interval.
A13: The 'Cumulative_2010-2025' sheet sums each cell across all 15 period sheets (a formula adding the corresponding cell from each of the 15 period sheets), giving total hectares affected per vegetation class and severity class over the full 2010-2025 study window. Note this is a sum of year-over-year detections, not a count of distinct burned area (the same location burned in multiple intervals is counted once per interval).
A15: All monetary/area figures: hectares (ha), computed from Earth Engine pixel area at 30 m nominal resolution, reprojected to the massifs' geometry via a grouped reduceRegion at scale=30.

Sheet 2010-2011
A1: Area (ha) of vegetation classes by fire severity — Period 2010-2011
A3: Vegetation class | B3: Low severity (dNBR 0.10-0.27) | C3: Moderate-low severity (dNBR 0.27-0.44) | D3: Moderate-high severity (dNBR 0.44-0.66) | E3: High severity (dNBR > 0.66) | F3: Total
A4: Broad-leaved forest | B4: 173.13366 | C4: 33.913899 | D4: 1.303386 | E4: 0 | F4: =SUM(B4:E4) -> 208.35095
A5: Coniferous forest | B5: 658.3913 | C5: 34.424007 | D5: 14.12406 | E5: 3.2034616 | F5: =SUM(B5:E5) -> 710.14283
A6: Mixed forest | B6: 194.71466 | C6: 10.686176 | D6: 0.16318854 | E6: 0 | F6: =SUM(B6:E6) -> 205.56402
A7: Natural grasslands | B7: 123.49515 | C7: 0.99443239 | D7: 0 | E7: 0 | F7: =SUM(B7:E7) -> 124.48959
A8: Moors and heathland | B8: 0 | C8: 0 | D8: 0 | E8: 0 | F8: =SUM(B8:E8) -> 0
A9: Sclerophyllous vegetation | B9: 1615.3002 | C9: 334.31499 | D9: 24.528522 | E9: 0.78454877 | F9: =SUM(B9:E9) -> 1974.9282
A10: Transitional woodland-shrub | B10: 234.5622 | C10: 8.0190814 | D10: 0.33261112 | E10: 0 | F10: =SUM(B10:E10) -> 242.91389
A11: Total | B11: =SUM(B4:B10) -> 2999.5971 | C11: =SUM(C4:C10) -> 422.35258 | D11: =SUM(D4:D10) -> 40.451768 | E11: =SUM(E4:E10) -> 3.9880104 | F11: =SUM(F4:F10) -> 3466.3895

Sheet 2011-2012
A1: Area (ha) of vegetation classes by fire severity — Period 2011-2012
A3: Vegetation class | B3: Low severity (dNBR 0.10-0.27) | C3: Moderate-low severity (dNBR 0.27-0.44) | D3: Moderate-high severity (dNBR 0.44-0.66) | E3: High severity (dNBR > 0.66) | F3: Total
A4: Broad-leaved forest | B4: 540.10799 | C4: 55.845646 | D4: 11.74429 | E4: 0 | F4: =SUM(B4:E4) -> 607.69792
A5: Coniferous forest | B5: 956.2907 | C5: 21.007246 | D5: 0.77855258 | E5: 0 | F5: =SUM(B5:E5) -> 978.07649
A6: Mixed forest | B6: 604.53863 | C6: 24.917556 | D6: 0 | E6: 0 | F6: =SUM(B6:E6) -> 629.45618
A7: Natural grasslands | B7: 83.579966 | C7: 1.3663507 | D7: 0 | E7: 0 | F7: =SUM(B7:E7) -> 84.946317
A8: Moors and heathland | B8: 0 | C8: 0 | D8: 0 | E8: 0 | F8: =SUM(B8:E8) -> 0
A9: Sclerophyllous vegetation | B9: 1404.2511 | C9: 92.145048 | D9: 7.5568653 | E9: 0 | F9: =SUM(B9:E9) -> 1503.953
A10: Transitional woodland-shrub | B10: 356.99497 | C10: 12.997949 | D10: 1.5559983 | E10: 0 | F10: =SUM(B10:E10) -> 371.54892
A11: Total | B11: =SUM(B4:B10) -> 3945.7633 | C11: =SUM(C4:C10) -> 208.2798 | D11: =SUM(D4:D10) -> 21.635706 | E11: =SUM(E4:E10) -> 0 | F11: =SUM(F4:F10) -> 4175.6788

Sheet 2012-2013
A1: Area (ha) of vegetation classes by fire severity — Period 2012-2013
A3: Vegetation class | B3: Low severity (dNBR 0.10-0.27) | C3: Moderate-low severity (dNBR 0.27-0.44) | D3: Moderate-high severity (dNBR 0.44-0.66) | E3: High severity (dNBR > 0.66) | F3: Total
A4: Broad-leaved forest | B4: 131.55773 | C4: 46.131595 | D4: 0.58640113 | E4: 0 | F4: =SUM(B4:E4) -> 178.27573
A5: Coniferous forest | B5: 424.15685 | C5: 21.25682 | D5: 0.91081566 | E5: 0 | F5: =SUM(B5:E5) -> 446.32449
A6: Mixed forest | B6: 144.20915 | C6: 11.920911 | D6: 0.065514087 | E6: 0 | F6: =SUM(B6:E6) -> 156.19558
A7: Natural grasslands | B7: 5.7661143 | C7: 0 | D7: 0 | E7: 0 | F7: =SUM(B7:E7) -> 5.7661143
A8: Moors and heathland | B8: 0 | C8: 0 | D8: 0 | E8: 0 | F8: =SUM(B8:E8) -> 0
A9: Sclerophyllous vegetation | B9: 421.95591 | C9: 55.871533 | D9: 9.2932274 | E9: 0 | F9: =SUM(B9:E9) -> 487.12067
A10: Transitional woodland-shrub | B10: 205.71784 | C10: 109.92232 | D10: 34.432124 | E10: 0 | F10: =SUM(B10:E10) -> 350.07229
A11: Total | B11: =SUM(B4:B10) -> 1333.3636 | C11: =SUM(C4:C10) -> 245.10318 | D11: =SUM(D4:D10) -> 45.288082 | E11: =SUM(E4:E10) -> 0 | F11: =SUM(F4:F10) -> 1623.7549

Sheet 2013-2014
A1: Area (ha) of vegetation classes by fire severity — Period 2013-2014
A3: Vegetation class | B3: Low severity (dNBR 0.10-0.27) | C3: Moderate-low severity (dNBR 0.27-0.44) | D3: Moderate-high severity (dNBR 0.44-0.66) | E3: High severity (dNBR > 0.66) | F3: Total
A4: Broad-leaved forest | B4: 212.45541 | C4: 26.493545 | D4: 2.1507906 | E4: 0 | F4: =SUM(B4:E4) -> 241.09974
A5: Coniferous forest | B5: 478.17227 | C5: 16.952431 | D5: 1.6383415 | E5: 0 | F5: =SUM(B5:E5) -> 496.76304
A6: Mixed forest | B6: 188.57682 | C6: 22.07273 | D6: 2.6034415 | E6: 0 | F6: =SUM(B6:E6) -> 213.253
A7: Natural grasslands | B7: 12.888313 | C7: 0.0097183507 | D7: 0 | E7: 0 | F7: =SUM(B7:E7) -> 12.898032
A8: Moors and heathland | B8: 0 | C8: 0 | D8: 0 | E8: 0 | F8: =SUM(B8:E8) -> 0
A9: Sclerophyllous vegetation | B9: 622.35499 | C9: 8.156936 | D9: 0.45594357 | E9: 0 | F9: =SUM(B9:E9) -> 630.96787
A10: Transitional woodland-shrub | B10: 225.85266 | C10: 6.9866065 | D10: 1.1067149 | E10: 0 | F10: =SUM(B10:E10) -> 233.94598
A11: Total | B11: =SUM(B4:B10) -> 1740.3005 | C11: =SUM(C4:C10) -> 80.671968 | D11: =SUM(D4:D10) -> 7.9552321 | E11: =SUM(E4:E10) -> 0 | F11: =SUM(F4:F10) -> 1828.9277

Sheet 2014-2015
A1: Area (ha) of vegetation classes by fire severity — Period 2014-2015
A3: Vegetation class | B3: Low severity (dNBR 0.10-0.27) | C3: Moderate-low severity (dNBR 0.27-0.44) | D3: Moderate-high severity (dNBR 0.44-0.66) | E3: High severity (dNBR > 0.66) | F3: Total
A4: Broad-leaved forest | B4: 182.91573 | C4: 24.230575 | D4: 3.5156918 | E4: 0 | F4: =SUM(B4:E4) -> 210.662
A5: Coniferous forest | B5: 408.71915 | C5: 14.20962 | D5: 0.58997482 | E5: 0 | F5: =SUM(B5:E5) -> 423.51874
A6: Mixed forest | B6: 188.04656 | C6: 9.6384749 | D6: 2.5367852 | E6: 0 | F6: =SUM(B6:E6) -> 200.22182
A7: Natural grasslands | B7: 5.3075373 | C7: 0.080659202 | D7: 0 | E7: 0 | F7: =SUM(B7:E7) -> 5.3881965
A8: Moors and heathland | B8: 0 | C8: 0 | D8: 0 | E8: 0 | F8: =SUM(B8:E8) -> 0
A9: Sclerophyllous vegetation | B9: 465.6418 | C9: 7.25843 | D9: 0.088491697 | E9: 0 | F9: =SUM(B9:E9) -> 472.98872
A10: Transitional woodland-shrub | B10: 113.15484 | C10: 2.8221266 | D10: 0.3267402 | E10: 0 | F10: =SUM(B10:E10) -> 116.30371
A11: Total | B11: =SUM(B4:B10) -> 1363.7856 | C11: =SUM(C4:C10) -> 58.239885 | D11: =SUM(D4:D10) -> 7.0576837 | E11: =SUM(E4:E10) -> 0 | F11: =SUM(F4:F10) -> 1429.0832

Sheet 2015-2016
A1: Area (ha) of vegetation classes by fire severity — Period 2015-2016
A3: Vegetation class | B3: Low severity (dNBR 0.10-0.27) | C3: Moderate-low severity (dNBR 0.27-0.44) | D3: Moderate-high severity (dNBR 0.44-0.66) | E3: High severity (dNBR > 0.66) | F3: Total
A4: Broad-leaved forest | B4: 435.55538 | C4: 23.282893 | D4: 1.1718794 | E4: 0 | F4: =SUM(B4:E4) -> 460.01015
A5: Coniferous forest | B5: 2160.6951 | C5: 48.674473 | D5: 8.302631 | E5: 2.0263208 | F5: =SUM(B5:E5) -> 2219.6985
A6: Mixed forest | B6: 412.52812 | C6: 16.733831 | D6: 5.8061092 | E6: 1.3702596 | F6: =SUM(B6:E6) -> 436.43832
A7: Natural grasslands | B7: 159.09292 | C7: 8.6483698 | D7: 0.52224235 | E7: 0 | F7: =SUM(B7:E7) -> 168.26354
A8: Moors and heathland | B8: 0 | C8: 0 | D8: 0 | E8: 0 | F8: =SUM(B8:E8) -> 0
A9: Sclerophyllous vegetation | B9: 9607.3647 | C9: 159.47022 | D9: 11.255668 | E9: 0.25834075 | F9: =SUM(B9:E9) -> 9778.3489
A10: Transitional woodland-shrub | B10: 880.61545 | C10: 25.198186 | D10: 2.3172134 | E10: 0.13055176 | F10: =SUM(B10:E10) -> 908.2614
A11: Total | B11: =SUM(B4:B10) -> 13655.852 | C11: =SUM(C4:C10) -> 282.00797 | D11: =SUM(D4:D10) -> 29.375743 | E11: =SUM(E4:E10) -> 3.7854728 | F11: =SUM(F4:F10) -> 13971.021

Sheet 2016-2017
A1: Area (ha) of vegetation classes by fire severity — Period 2016-2017
A3: Vegetation class | B3: Low severity (dNBR 0.10-0.27) | C3: Moderate-low severity (dNBR 0.27-0.44) | D3: Moderate-high severity (dNBR 0.44-0.66) | E3: High severity (dNBR > 0.66) | F3: Total
A4: Broad-leaved forest | B4: 173.56604 | C4: 39.38838 | D4: 1.6290712 | E4: 0 | F4: =SUM(B4:E4) -> 214.58349
A5: Coniferous forest | B5: 438.01371 | C5: 19.872442 | D5: 8.4287013 | E5: 0.65317496 | F5: =SUM(B5:E5) -> 466.96803
A6: Mixed forest | B6: 154.06452 | C6: 12.048663 | D6: 2.0185646 | E6: 0 | F6: =SUM(B6:E6) -> 168.13175
A7: Natural grasslands | B7: 77.117968 | C7: 7.3020431 | D7: 1.3355631 | E7: 0 | F7: =SUM(B7:E7) -> 85.755574
A8: Moors and heathland | B8: 0 | C8: 0 | D8: 0 | E8: 0 | F8: =SUM(B8:E8) -> 0
A9: Sclerophyllous vegetation | B9: 711.8191 | C9: 33.819633 | D9: 2.7490682 | E9: 0 | F9: =SUM(B9:E9) -> 748.3878
A10: Transitional woodland-shrub | B10: 270.05275 | C10: 26.679257 | D10: 16.206275 | E10: 0.45694193 | F10: =SUM(B10:E10) -> 313.39523
A11: Total | B11: =SUM(B4:B10) -> 1824.6341 | C11: =SUM(C4:C10) -> 139.11042 | D11: =SUM(D4:D10) -> 32.367243 | E11: =SUM(E4:E10) -> 1.1101169 | F11: =SUM(F4:F10) -> 1997.2219

Sheet 2017-2018
A1: Area (ha) of vegetation classes by fire severity — Period 2017-2018
A3: Vegetation class | B3: Low severity (dNBR 0.10-0.27) | C3: Moderate-low severity (dNBR 0.27-0.44) | D3: Moderate-high severity (dNBR 0.44-0.66) | E3: High severity (dNBR > 0.66) | F3: Total
A4: Broad-leaved forest | B4: 209.68986 | C4: 10.163977 | D4: 0 | E4: 0 | F4: =SUM(B4:E4) -> 219.85384
A5: Coniferous forest | B5: 222.73906 | C5: 35.317158 | D5: 11.177125 | E5: 0.065281482 | F5: =SUM(B5:E5) -> 269.29862
A6: Mixed forest | B6: 122.12953 | C6: 3.5896302 | D6: 0.26030918 | E6: 0 | F6: =SUM(B6:E6) -> 125.97947
A7: Natural grasslands | B7: 9.3236138 | C7: 4.0675627 | D7: 2.6102728 | E7: 0.13055148 | F7: =SUM(B7:E7) -> 16.132001
A8: Moors and heathland | B8: 0 | C8: 0 | D8: 0 | E8: 0 | F8: =SUM(B8:E8) -> 0
A9: Sclerophyllous vegetation | B9: 169.14751 | C9: 5.8417139 | D9: 0.19607219 | E9: 0 | F9: =SUM(B9:E9) -> 175.1853
A10: Transitional woodland-shrub | B10: 115.58156 | C10: 12.397583 | D10: 4.7695702 | E10: 0 | F10: =SUM(B10:E10) -> 132.74871
A11: Total | B11: =SUM(B4:B10) -> 848.61114 | C11: =SUM(C4:C10) -> 71.377626 | D11: =SUM(D4:D10) -> 19.01335 | E11: =SUM(E4:E10) -> 0.19583296 | F11: =SUM(F4:F10) -> 939.19794

Sheet 2018-2019
A1: Area (ha) of vegetation classes by fire severity — Period 2018-2019
A3: Vegetation class | B3: Low severity (dNBR 0.10-0.27) | C3: Moderate-low severity (dNBR 0.27-0.44) | D3: Moderate-high severity (dNBR 0.44-0.66) | E3: High severity (dNBR > 0.66) | F3: Total
A4: Broad-leaved forest | B4: 198.28646 | C4: 9.0679737 | D4: 0.13030948 | E4: 0 | F4: =SUM(B4:E4) -> 207.48475
A5: Coniferous forest | B5: 463.5635 | C5: 10.574117 | D5: 0.45575332 | E5: 0 | F5: =SUM(B5:E5) -> 474.59337
A6: Mixed forest | B6: 191.38097 | C6: 5.4042816 | D6: 0 | E6: 0 | F6: =SUM(B6:E6) -> 196.78525
A7: Natural grasslands | B7: 15.717558 | C7: 0 | D7: 0 | E7: 0 | F7: =SUM(B7:E7) -> 15.717558
A8: Moors and heathland | B8: 0 | C8: 0 | D8: 0 | E8: 0 | F8: =SUM(B8:E8) -> 0
A9: Sclerophyllous vegetation | B9: 899.20788 | C9: 7.7967787 | D9: 0.26045286 | E9: 0 | F9: =SUM(B9:E9) -> 907.26511
A10: Transitional woodland-shrub | B10: 272.53623 | C10: 4.079792 | D10: 0.84890519 | E10: 0 | F10: =SUM(B10:E10) -> 277.46493
A11: Total | B11: =SUM(B4:B10) -> 2040.6926 | C11: =SUM(C4:C10) -> 36.922943 | D11: =SUM(D4:D10) -> 1.6954209 | E11: =SUM(E4:E10) -> 0 | F11: =SUM(F4:F10) -> 2079.311

Sheet 2019-2020
A1: Area (ha) of vegetation classes by fire severity — Period 2019-2020
A3: Vegetation class | B3: Low severity (dNBR 0.10-0.27) | C3: Moderate-low severity (dNBR 0.27-0.44) | D3: Moderate-high severity (dNBR 0.44-0.66) | E3: High severity (dNBR > 0.66) | F3: Total
A4: Broad-leaved forest | B4: 103.89383 | C4: 10.400301 | D4: 0.19515024 | E4: 0 | F4: =SUM(B4:E4) -> 114.48929
A5: Coniferous forest | B5: 296.08078 | C5: 8.6296727 | D5: 0.91286243 | E5: 0 | F5: =SUM(B5:E5) -> 305.62331
A6: Mixed forest | B6: 119.80548 | C6: 0.77709425 | D6: 0 | E6: 0 | F6: =SUM(B6:E6) -> 120.58257
A7: Natural grasslands | B7: 4.5047751 | C7: 0.3263698 | D7: 0 | E7: 0 | F7: =SUM(B7:E7) -> 4.8311449
A8: Moors and heathland | B8: 0 | C8: 0 | D8: 0 | E8: 0 | F8: =SUM(B8:E8) -> 0
A9: Sclerophyllous vegetation | B9: 162.48632 | C9: 4.2490195 | D9: 1.4341786 | E9: 0 | F9: =SUM(B9:E9) -> 168.16952
A10: Transitional woodland-shrub | B10: 52.705541 | C10: 1.4348209 | D10: 0 | E10: 0 | F10: =SUM(B10:E10) -> 54.140362
A11: Total | B11: =SUM(B4:B10) -> 739.47673 | C11: =SUM(C4:C10) -> 25.817279 | D11: =SUM(D4:D10) -> 2.5421913 | E11: =SUM(E4:E10) -> 0 | F11: =SUM(F4:F10) -> 767.8362

Sheet 2020-2021
A1: Area (ha) of vegetation classes by fire severity — Period 2020-2021
A3: Vegetation class | B3: Low severity (dNBR 0.10-0.27) | C3: Moderate-low severity (dNBR 0.27-0.44) | D3: Moderate-high severity (dNBR 0.44-0.66) | E3: High severity (dNBR > 0.66) | F3: Total
A4: Broad-leaved forest | B4: 133.77246 | C4: 5.8461729 | D4: 0.13036356 | E4: 0 | F4: =SUM(B4:E4) -> 139.74899
A5: Coniferous forest | B5: 424.46358 | C5: 255.04451 | D5: 119.48981 | E5: 0.2612519 | F5: =SUM(B5:E5) -> 799.25915
A6: Mixed forest | B6: 91.201347 | C6: 32.380117 | D6: 18.5681 | E6: 0 | F6: =SUM(B6:E6) -> 142.14956
A7: Natural grasslands | B7: 51.867273 | C7: 16.928184 | D7: 7.7044642 | E7: 0 | F7: =SUM(B7:E7) -> 76.499921
A8: Moors and heathland | B8: 0 | C8: 0 | D8: 0 | E8: 0 | F8: =SUM(B8:E8) -> 0
A9: Sclerophyllous vegetation | B9: 622.79958 | C9: 147.49472 | D9: 24.193549 | E9: 0 | F9: =SUM(B9:E9) -> 794.48784
A10: Transitional woodland-shrub | B10: 140.03148 | C10: 26.230346 | D10: 9.6198983 | E10: 0 | F10: =SUM(B10:E10) -> 175.88172
A11: Total | B11: =SUM(B4:B10) -> 1464.1357 | C11: =SUM(C4:C10) -> 483.92405 | D11: =SUM(D4:D10) -> 179.70618 | E11: =SUM(E4:E10) -> 0.2612519 | F11: =SUM(F4:F10) -> 2128.0272

Sheet 2021-2022
A1: Area (ha) of vegetation classes by fire severity — Period 2021-2022
A3: Vegetation class | B3: Low severity (dNBR 0.10-0.27) | C3: Moderate-low severity (dNBR 0.27-0.44) | D3: Moderate-high severity (dNBR 0.44-0.66) | E3: High severity (dNBR > 0.66) | F3: Total
A4: Broad-leaved forest | B4: 254.88652 | C4: 9.4960173 | D4: 1.5041447 | E4: 0.19490485 | F4: =SUM(B4:E4) -> 266.08158
A5: Coniferous forest | B5: 1175.7171 | C5: 10.531691 | D5: 1.6946953 | E5: 0 | F5: =SUM(B5:E5) -> 1187.9435
A6: Mixed forest | B6: 305.85 | C6: 7.0726985 | D6: 0.37683626 | E6: 0 | F6: =SUM(B6:E6) -> 313.29954
A7: Natural grasslands | B7: 94.908471 | C7: 0.95608636 | D7: 0.19582291 | E7: 0 | F7: =SUM(B7:E7) -> 96.060381
A8: Moors and heathland | B8: 0 | C8: 0 | D8: 0 | E8: 0 | F8: =SUM(B8:E8) -> 0
A9: Sclerophyllous vegetation | B9: 2301.3944 | C9: 18.641321 | D9: 0.12994637 | E9: 0 | F9: =SUM(B9:E9) -> 2320.1657
A10: Transitional woodland-shrub | B10: 342.13699 | C10: 5.5898779 | D10: 0.19611636 | E10: 0 | F10: =SUM(B10:E10) -> 347.92298
A11: Total | B11: =SUM(B4:B10) -> 4474.8935 | C11: =SUM(C4:C10) -> 52.287692 | D11: =SUM(D4:D10) -> 4.0975619 | E11: =SUM(E4:E10) -> 0.19490485 | F11: =SUM(F4:F10) -> 4531.4736

Sheet 2022-2023
A1: Area (ha) of vegetation classes by fire severity — Period 2022-2023
A3: Vegetation class | B3: Low severity (dNBR 0.10-0.27) | C3: Moderate-low severity (dNBR 0.27-0.44) | D3: Moderate-high severity (dNBR 0.44-0.66) | E3: High severity (dNBR > 0.66) | F3: Total
A4: Broad-leaved forest | B4: 75.625785 | C4: 7.9531997 | D4: 0 | E4: 0 | F4: =SUM(B4:E4) -> 83.578985
A5: Coniferous forest | B5: 337.77801 | C5: 186.72321 | D5: 43.30606 | E5: 0.12967416 | F5: =SUM(B5:E5) -> 567.93695
A6: Mixed forest | B6: 82.319148 | C6: 19.071122 | D6: 3.3816443 | E6: 0 | F6: =SUM(B6:E6) -> 104.77191
A7: Natural grasslands | B7: 38.599751 | C7: 15.069201 | D7: 0.19509353 | E7: 0 | F7: =SUM(B7:E7) -> 53.864045
A8: Moors and heathland | B8: 0 | C8: 0 | D8: 0 | E8: 0 | F8: =SUM(B8:E8) -> 0
A9: Sclerophyllous vegetation | B9: 657.69682 | C9: 89.693305 | D9: 3.7674323 | E9: 0 | F9: =SUM(B9:E9) -> 751.15755
A10: Transitional woodland-shrub | B10: 92.889005 | C10: 20.596536 | D10: 0.78350245 | E10: 0 | F10: =SUM(B10:E10) -> 114.26904
A11: Total | B11: =SUM(B4:B10) -> 1284.9085 | C11: =SUM(C4:C10) -> 339.10657 | D11: =SUM(D4:D10) -> 51.433732 | E11: =SUM(E4:E10) -> 0.12967416 | F11: =SUM(F4:F10) -> 1675.5785

Sheet 2023-2024
A1: Area (ha) of vegetation classes by fire severity — Period 2023-2024
A3: Vegetation class | B3: Low severity (dNBR 0.10-0.27) | C3: Moderate-low severity (dNBR 0.27-0.44) | D3: Moderate-high severity (dNBR 0.44-0.66) | E3: High severity (dNBR > 0.66) | F3: Total
A4: Broad-leaved forest | B4: 84.975154 | C4: 2.5799476 | D4: 0 | E4: 0 | F4: =SUM(B4:E4) -> 87.555102
A5: Coniferous forest | B5: 179.14849 | C5: 2.2037538 | D5: 0.95473356 | E5: 0 | F5: =SUM(B5:E5) -> 182.30698
A6: Mixed forest | B6: 81.503719 | C6: 0.78257963 | D6: 0 | E6: 0 | F6: =SUM(B6:E6) -> 82.286299
A7: Natural grasslands | B7: 3.7447129 | C7: 0.12997466 | D7: 0 | E7: 0 | F7: =SUM(B7:E7) -> 3.8746876
A8: Moors and heathland | B8: 0 | C8: 0 | D8: 0 | E8: 0 | F8: =SUM(B8:E8) -> 0
A9: Sclerophyllous vegetation | B9: 245.81174 | C9: 3.6352518 | D9: 0 | E9: 0 | F9: =SUM(B9:E9) -> 249.44699
A10: Transitional woodland-shrub | B10: 24.514186 | C10: 0.13053741 | D10: 0 | E10: 0 | F10: =SUM(B10:E10) -> 24.644723
A11: Total | B11: =SUM(B4:B10) -> 619.698 | C11: =SUM(C4:C10) -> 9.4620449 | D11: =SUM(D4:D10) -> 0.95473356 | E11: =SUM(E4:E10) -> 0 | F11: =SUM(F4:F10) -> 630.11478

Sheet 2024-2025
A1: Area (ha) of vegetation classes by fire severity — Period 2024-2025
A3: Vegetation class | B3: Low severity (dNBR 0.10-0.27) | C3: Moderate-low severity (dNBR 0.27-0.44) | D3: Moderate-high severity (dNBR 0.44-0.66) | E3: High severity (dNBR > 0.66) | F3: Total
A4: Broad-leaved forest | B4: 56.408817 | C4: 10.492784 | D4: 0 | E4: 0 | F4: =SUM(B4:E4) -> 66.901602
A5: Coniferous forest | B5: 194.86826 | C5: 19.204116 | D5: 0.84962539 | E5: 0 | F5: =SUM(B5:E5) -> 214.92201
A6: Mixed forest | B6: 41.547359 | C6: 0.70450073 | D6: 0.065040405 | E6: 0 | F6: =SUM(B6:E6) -> 42.316901
A7: Natural grasslands | B7: 7.3555721 | C7: 0.39148264 | D7: 0 | E7: 0 | F7: =SUM(B7:E7) -> 7.7470547
A8: Moors and heathland | B8: 0 | C8: 0 | D8: 0 | E8: 0 | F8: =SUM(B8:E8) -> 0
A9: Sclerophyllous vegetation | B9: 334.98067 | C9: 71.023246 | D9: 21.175579 | E9: 0.45759881 | F9: =SUM(B9:E9) -> 427.6371
A10: Transitional woodland-shrub | B10: 79.851631 | C10: 5.0680812 | D10: 0 | E10: 0 | F10: =SUM(B10:E10) -> 84.919712
A11: Total | B11: =SUM(B4:B10) -> 715.01232 | C11: =SUM(C4:C10) -> 106.88421 | D11: =SUM(D4:D10) -> 22.090245 | E11: =SUM(E4:E10) -> 0.45759881 | F11: =SUM(F4:F10) -> 844.44437

Sheet Cumulative_2010-2025
A1: Cumulative area (ha) of vegetation classes by fire severity — 2010-2025 (sum of all 15 periods)
A3: Vegetation class | B3: Low severity (dNBR 0.10-0.27) | C3: Moderate-low severity (dNBR 0.27-0.44) | D3: Moderate-high severity (dNBR 0.44-0.66) | E3: High severity (dNBR > 0.66) | F3: Total
A4: Broad-leaved forest | B4: ='2010-2011'!B4+'2011-2012'!B4+'2012-2013'!B4+'2013-2014'!B4+'2014-2015'!B4+'2015-2016'!B4+'2016-2017'!B4+'2017-2018'!B4+'2018-2019'!B4+'2019-2020'!B4+'2020-2021'!B4+'2021-2022'!B4+'2022-2023'!B4+'2023-2024'!B4+'2024-2025'!B4 -> 2966.8308 | C4: ='2010-2011'!C4+'2011-2012'!C4+'2012-2013'!C4+'2013-2014'!C4+'2014-2015'!C4+'2015-2016'!C4+'2016-2017'!C4+'2017-2018'!C4+'2018-2019'!C4+'2019-2020'!C4+'2020-2021'!C4+'2021-2022'!C4+'2022-2023'!C4+'2023-2024'!C4+'2024-2025'!C4 -> 315.28691 | D4: ='2010-2011'!D4+'2011-2012'!D4+'2012-2013'!D4+'2013-2014'!D4+'2014-2015'!D4+'2015-2016'!D4+'2016-2017'!D4+'2017-2018'!D4+'2018-2019'!D4+'2019-2020'!D4+'2020-2021'!D4+'2021-2022'!D4+'2022-2023'!D4+'2023-2024'!D4+'2024-2025'!D4 -> 24.061478 | E4: ='2010-2011'!E4+'2011-2012'!E4+'2012-2013'!E4+'2013-2014'!E4+'2014-2015'!E4+'2015-2016'!E4+'2016-2017'!E4+'2017-2018'!E4+'2018-2019'!E4+'2019-2020'!E4+'2020-2021'!E4+'2021-2022'!E4+'2022-2023'!E4+'2023-2024'!E4+'2024-2025'!E4 -> 0.19490485 | F4: =SUM(B4:E4) -> 3306.3741
A5: Coniferous forest | B5: ='2010-2011'!B5+'2011-2012'!B5+'2012-2013'!B5+'2013-2014'!B5+'2014-2015'!B5+'2015-2016'!B5+'2016-2017'!B5+'2017-2018'!B5+'2018-2019'!B5+'2019-2020'!B5+'2020-2021'!B5+'2021-2022'!B5+'2022-2023'!B5+'2023-2024'!B5+'2024-2025'!B5 -> 8818.7979 | C5: ='2010-2011'!C5+'2011-2012'!C5+'2012-2013'!C5+'2013-2014'!C5+'2014-2015'!C5+'2015-2016'!C5+'2016-2017'!C5+'2017-2018'!C5+'2018-2019'!C5+'2019-2020'!C5+'2020-2021'!C5+'2021-2022'!C5+'2022-2023'!C5+'2023-2024'!C5+'2024-2025'!C5 -> 704.62526 | D5: ='2010-2011'!D5+'2011-2012'!D5+'2012-2013'!D5+'2013-2014'!D5+'2014-2015'!D5+'2015-2016'!D5+'2016-2017'!D5+'2017-2018'!D5+'2018-2019'!D5+'2019-2020'!D5+'2020-2021'!D5+'2021-2022'!D5+'2022-2023'!D5+'2023-2024'!D5+'2024-2025'!D5 -> 213.61374 | E5: ='2010-2011'!E5+'2011-2012'!E5+'2012-2013'!E5+'2013-2014'!E5+'2014-2015'!E5+'2015-2016'!E5+'2016-2017'!E5+'2017-2018'!E5+'2018-2019'!E5+'2019-2020'!E5+'2020-2021'!E5+'2021-2022'!E5+'2022-2023'!E5+'2023-2024'!E5+'2024-2025'!E5 -> 6.3391648 | F5: =SUM(B5:E5) -> 9743.376
A6: Mixed forest | B6: ='2010-2011'!B6+'2011-2012'!B6+'2012-2013'!B6+'2013-2014'!B6+'2014-2015'!B6+'2015-2016'!B6+'2016-2017'!B6+'2017-2018'!B6+'2018-2019'!B6+'2019-2020'!B6+'2020-2021'!B6+'2021-2022'!B6+'2022-2023'!B6+'2023-2024'!B6+'2024-2025'!B6 -> 2922.416 | C6: ='2010-2011'!C6+'2011-2012'!C6+'2012-2013'!C6+'2013-2014'!C6+'2014-2015'!C6+'2015-2016'!C6+'2016-2017'!C6+'2017-2018'!C6+'2018-2019'!C6+'2019-2020'!C6+'2020-2021'!C6+'2021-2022'!C6+'2022-2023'!C6+'2023-2024'!C6+'2024-2025'!C6 -> 177.80037 | D6: ='2010-2011'!D6+'2011-2012'!D6+'2012-2013'!D6+'2013-2014'!D6+'2014-2015'!D6+'2015-2016'!D6+'2016-2017'!D6+'2017-2018'!D6+'2018-2019'!D6+'2019-2020'!D6+'2020-2021'!D6+'2021-2022'!D6+'2022-2023'!D6+'2023-2024'!D6+'2024-2025'!D6 -> 35.845533 | E6: ='2010-2011'!E6+'2011-2012'!E6+'2012-2013'!E6+'2013-2014'!E6+'2014-2015'!E6+'2015-2016'!E6+'2016-2017'!E6+'2017-2018'!E6+'2018-2019'!E6+'2019-2020'!E6+'2020-2021'!E6+'2021-2022'!E6+'2022-2023'!E6+'2023-2024'!E6+'2024-2025'!E6 -> 1.3702596 | F6: =SUM(B6:E6) -> 3137.4322
A7: Natural grasslands | B7: ='2010-2011'!B7+'2011-2012'!B7+'2012-2013'!B7+'2013-2014'!B7+'2014-2015'!B7+'2015-2016'!B7+'2016-2017'!B7+'2017-2018'!B7+'2018-2019'!B7+'2019-2020'!B7+'2020-2021'!B7+'2021-2022'!B7+'2022-2023'!B7+'2023-2024'!B7+'2024-2025'!B7 -> 693.2697 | C7: ='2010-2011'!C7+'2011-2012'!C7+'2012-2013'!C7+'2013-2014'!C7+'2014-2015'!C7+'2015-2016'!C7+'2016-2017'!C7+'2017-2018'!C7+'2018-2019'!C7+'2019-2020'!C7+'2020-2021'!C7+'2021-2022'!C7+'2022-2023'!C7+'2023-2024'!C7+'2024-2025'!C7 -> 56.270434 | D7: ='2010-2011'!D7+'2011-2012'!D7+'2012-2013'!D7+'2013-2014'!D7+'2014-2015'!D7+'2015-2016'!D7+'2016-2017'!D7+'2017-2018'!D7+'2018-2019'!D7+'2019-2020'!D7+'2020-2021'!D7+'2021-2022'!D7+'2022-2023'!D7+'2023-2024'!D7+'2024-2025'!D7 -> 12.563459 | E7: ='2010-2011'!E7+'2011-2012'!E7+'2012-2013'!E7+'2013-2014'!E7+'2014-2015'!E7+'2015-2016'!E7+'2016-2017'!E7+'2017-2018'!E7+'2018-2019'!E7+'2019-2020'!E7+'2020-2021'!E7+'2021-2022'!E7+'2022-2023'!E7+'2023-2024'!E7+'2024-2025'!E7 -> 0.13055148 | F7: =SUM(B7:E7) -> 762.23415
A8: Moors and heathland | B8: ='2010-2011'!B8+'2011-2012'!B8+'2012-2013'!B8+'2013-2014'!B8+'2014-2015'!B8+'2015-2016'!B8+'2016-2017'!B8+'2017-2018'!B8+'2018-2019'!B8+'2019-2020'!B8+'2020-2021'!B8+'2021-2022'!B8+'2022-2023'!B8+'2023-2024'!B8+'2024-2025'!B8 -> 0 | C8: ='2010-2011'!C8+'2011-2012'!C8+'2012-2013'!C8+'2013-2014'!C8+'2014-2015'!C8+'2015-2016'!C8+'2016-2017'!C8+'2017-2018'!C8+'2018-2019'!C8+'2019-2020'!C8+'2020-2021'!C8+'2021-2022'!C8+'2022-2023'!C8+'2023-2024'!C8+'2024-2025'!C8 -> 0 | D8: ='2010-2011'!D8+'2011-2012'!D8+'2012-2013'!D8+'2013-2014'!D8+'2014-2015'!D8+'2015-2016'!D8+'2016-2017'!D8+'2017-2018'!D8+'2018-2019'!D8+'2019-2020'!D8+'2020-2021'!D8+'2021-2022'!D8+'2022-2023'!D8+'2023-2024'!D8+'2024-2025'!D8 -> 0 | E8: ='2010-2011'!E8+'2011-2012'!E8+'2012-2013'!E8+'2013-2014'!E8+'2014-2015'!E8+'2015-2016'!E8+'2016-2017'!E8+'2017-2018'!E8+'2018-2019'!E8+'2019-2020'!E8+'2020-2021'!E8+'2021-2022'!E8+'2022-2023'!E8+'2023-2024'!E8+'2024-2025'!E8 -> 0 | F8: =SUM(B8:E8) -> 0
A9: Sclerophyllous vegetation | B9: ='2010-2011'!B9+'2011-2012'!B9+'2012-2013'!B9+'2013-2014'!B9+'2014-2015'!B9+'2015-2016'!B9+'2016-2017'!B9+'2017-2018'!B9+'2018-2019'!B9+'2019-2020'!B9+'2020-2021'!B9+'2021-2022'!B9+'2022-2023'!B9+'2023-2024'!B9+'2024-2025'!B9 -> 20242.213 | C9: ='2010-2011'!C9+'2011-2012'!C9+'2012-2013'!C9+'2013-2014'!C9+'2014-2015'!C9+'2015-2016'!C9+'2016-2017'!C9+'2017-2018'!C9+'2018-2019'!C9+'2019-2020'!C9+'2020-2021'!C9+'2021-2022'!C9+'2022-2023'!C9+'2023-2024'!C9+'2024-2025'!C9 -> 1039.4121 | D9: ='2010-2011'!D9+'2011-2012'!D9+'2012-2013'!D9+'2013-2014'!D9+'2014-2015'!D9+'2015-2016'!D9+'2016-2017'!D9+'2017-2018'!D9+'2018-2019'!D9+'2019-2020'!D9+'2020-2021'!D9+'2021-2022'!D9+'2022-2023'!D9+'2023-2024'!D9+'2024-2025'!D9 -> 107.085 | E9: ='2010-2011'!E9+'2011-2012'!E9+'2012-2013'!E9+'2013-2014'!E9+'2014-2015'!E9+'2015-2016'!E9+'2016-2017'!E9+'2017-2018'!E9+'2018-2019'!E9+'2019-2020'!E9+'2020-2021'!E9+'2021-2022'!E9+'2022-2023'!E9+'2023-2024'!E9+'2024-2025'!E9 -> 1.5004883 | F9: =SUM(B9:E9) -> 21390.21
A10: Transitional woodland-shrub | B10: ='2010-2011'!B10+'2011-2012'!B10+'2012-2013'!B10+'2013-2014'!B10+'2014-2015'!B10+'2015-2016'!B10+'2016-2017'!B10+'2017-2018'!B10+'2018-2019'!B10+'2019-2020'!B10+'2020-2021'!B10+'2021-2022'!B10+'2022-2023'!B10+'2023-2024'!B10+'2024-2025'!B10 -> 3407.1973 | C10: ='2010-2011'!C10+'2011-2012'!C10+'2012-2013'!C10+'2013-2014'!C10+'2014-2015'!C10+'2015-2016'!C10+'2016-2017'!C10+'2017-2018'!C10+'2018-2019'!C10+'2019-2020'!C10+'2020-2021'!C10+'2021-2022'!C10+'2022-2023'!C10+'2023-2024'!C10+'2024-2025'!C10 -> 268.1531 | D10: ='2010-2011'!D10+'2011-2012'!D10+'2012-2013'!D10+'2013-2014'!D10+'2014-2015'!D10+'2015-2016'!D10+'2016-2017'!D10+'2017-2018'!D10+'2018-2019'!D10+'2019-2020'!D10+'2020-2021'!D10+'2021-2022'!D10+'2022-2023'!D10+'2023-2024'!D10+'2024-2025'!D10 -> 72.495669 | E10: ='2010-2011'!E10+'2011-2012'!E10+'2012-2013'!E10+'2013-2014'!E10+'2014-2015'!E10+'2015-2016'!E10+'2016-2017'!E10+'2017-2018'!E10+'2018-2019'!E10+'2019-2020'!E10+'2020-2021'!E10+'2021-2022'!E10+'2022-2023'!E10+'2023-2024'!E10+'2024-2025'!E10 -> 0.5874937 | F10: =SUM(B10:E10) -> 3748.4336
A11: Total | B11: =SUM(B4:B10) -> 39050.724 | C11: =SUM(C4:C10) -> 2561.5482 | D11: =SUM(D4:D10) -> 465.66488 | E11: =SUM(E4:E10) -> 10.122863 | F11: =SUM(F4:F10) -> 42088.06
