Workbook

Sheet Trend_by_year
A1: NDVI vs. NDMI vs. SAVI — annual trend, 25-massif mean (2010–2025)
A2: Each value is the mean of the 25 individual massif values for that year and index (see 'By_massif_detail' sheet). Hectare-years / raw per-massif figures are sourced from Landsat via Google Earth Engine.
A4: Year | B4: NDVI (mean) | C4: NDMI (mean) | D4: SAVI (mean)
A5: 2010 | B5: =AVERAGEIFS(By_massif_detail!C5:C404,By_massif_detail!A5:A404,A5) -> 0.55328 | C5: =AVERAGEIFS(By_massif_detail!D5:D404,By_massif_detail!A5:A404,A5) -> 0.115884 | D5: =AVERAGEIFS(By_massif_detail!E5:E404,By_massif_detail!A5:A404,A5) -> 0.299348
A6: 2011 | B6: =AVERAGEIFS(By_massif_detail!C5:C404,By_massif_detail!A5:A404,A6) -> 0.552724 | C6: =AVERAGEIFS(By_massif_detail!D5:D404,By_massif_detail!A5:A404,A6) -> 0.107532 | D6: =AVERAGEIFS(By_massif_detail!E5:E404,By_massif_detail!A5:A404,A6) -> 0.29404
A7: 2012 | B7: =AVERAGEIFS(By_massif_detail!C5:C404,By_massif_detail!A5:A404,A7) -> 0.543796 | C7: =AVERAGEIFS(By_massif_detail!D5:D404,By_massif_detail!A5:A404,A7) -> 0.093884 | D7: =AVERAGEIFS(By_massif_detail!E5:E404,By_massif_detail!A5:A404,A7) -> 0.290188
A8: 2013 | B8: =AVERAGEIFS(By_massif_detail!C5:C404,By_massif_detail!A5:A404,A8) -> 0.566348 | C8: =AVERAGEIFS(By_massif_detail!D5:D404,By_massif_detail!A5:A404,A8) -> 0.115012 | D8: =AVERAGEIFS(By_massif_detail!E5:E404,By_massif_detail!A5:A404,A8) -> 0.308584
A9: 2014 | B9: =AVERAGEIFS(By_massif_detail!C5:C404,By_massif_detail!A5:A404,A9) -> 0.568612 | C9: =AVERAGEIFS(By_massif_detail!D5:D404,By_massif_detail!A5:A404,A9) -> 0.118728 | D9: =AVERAGEIFS(By_massif_detail!E5:E404,By_massif_detail!A5:A404,A9) -> 0.305316
A10: 2015 | B10: =AVERAGEIFS(By_massif_detail!C5:C404,By_massif_detail!A5:A404,A10) -> 0.58268 | C10: =AVERAGEIFS(By_massif_detail!D5:D404,By_massif_detail!A5:A404,A10) -> 0.12636 | D10: =AVERAGEIFS(By_massif_detail!E5:E404,By_massif_detail!A5:A404,A10) -> 0.312624
A11: 2016 | B11: =AVERAGEIFS(By_massif_detail!C5:C404,By_massif_detail!A5:A404,A11) -> 0.538292 | C11: =AVERAGEIFS(By_massif_detail!D5:D404,By_massif_detail!A5:A404,A11) -> 0.090788 | D11: =AVERAGEIFS(By_massif_detail!E5:E404,By_massif_detail!A5:A404,A11) -> 0.288468
A12: 2017 | B12: =AVERAGEIFS(By_massif_detail!C5:C404,By_massif_detail!A5:A404,A12) -> 0.537736 | C12: =AVERAGEIFS(By_massif_detail!D5:D404,By_massif_detail!A5:A404,A12) -> 0.082404 | D12: =AVERAGEIFS(By_massif_detail!E5:E404,By_massif_detail!A5:A404,A12) -> 0.290596
A13: 2018 | B13: =AVERAGEIFS(By_massif_detail!C5:C404,By_massif_detail!A5:A404,A13) -> 0.568028 | C13: =AVERAGEIFS(By_massif_detail!D5:D404,By_massif_detail!A5:A404,A13) -> 0.11472 | D13: =AVERAGEIFS(By_massif_detail!E5:E404,By_massif_detail!A5:A404,A13) -> 0.300904
A14: 2019 | B14: =AVERAGEIFS(By_massif_detail!C5:C404,By_massif_detail!A5:A404,A14) -> 0.56706 | C14: =AVERAGEIFS(By_massif_detail!D5:D404,By_massif_detail!A5:A404,A14) -> 0.105312 | D14: =AVERAGEIFS(By_massif_detail!E5:E404,By_massif_detail!A5:A404,A14) -> 0.30304
A15: 2020 | B15: =AVERAGEIFS(By_massif_detail!C5:C404,By_massif_detail!A5:A404,A15) -> 0.583636 | C15: =AVERAGEIFS(By_massif_detail!D5:D404,By_massif_detail!A5:A404,A15) -> 0.119692 | D15: =AVERAGEIFS(By_massif_detail!E5:E404,By_massif_detail!A5:A404,A15) -> 0.310904
A16: 2021 | B16: =AVERAGEIFS(By_massif_detail!C5:C404,By_massif_detail!A5:A404,A16) -> 0.578792 | C16: =AVERAGEIFS(By_massif_detail!D5:D404,By_massif_detail!A5:A404,A16) -> 0.117588 | D16: =AVERAGEIFS(By_massif_detail!E5:E404,By_massif_detail!A5:A404,A16) -> 0.310924
A17: 2022 | B17: =AVERAGEIFS(By_massif_detail!C5:C404,By_massif_detail!A5:A404,A17) -> 0.546024 | C17: =AVERAGEIFS(By_massif_detail!D5:D404,By_massif_detail!A5:A404,A17) -> 0.093644 | D17: =AVERAGEIFS(By_massif_detail!E5:E404,By_massif_detail!A5:A404,A17) -> 0.2925
A18: 2023 | B18: =AVERAGEIFS(By_massif_detail!C5:C404,By_massif_detail!A5:A404,A18) -> 0.553604 | C18: =AVERAGEIFS(By_massif_detail!D5:D404,By_massif_detail!A5:A404,A18) -> 0.08902 | D18: =AVERAGEIFS(By_massif_detail!E5:E404,By_massif_detail!A5:A404,A18) -> 0.288536
A19: 2024 | B19: =AVERAGEIFS(By_massif_detail!C5:C404,By_massif_detail!A5:A404,A19) -> 0.586056 | C19: =AVERAGEIFS(By_massif_detail!D5:D404,By_massif_detail!A5:A404,A19) -> 0.134184 | D19: =AVERAGEIFS(By_massif_detail!E5:E404,By_massif_detail!A5:A404,A19) -> 0.313112
A20: 2025 | B20: =AVERAGEIFS(By_massif_detail!C5:C404,By_massif_detail!A5:A404,A20) -> 0.589968 | C20: =AVERAGEIFS(By_massif_detail!D5:D404,By_massif_detail!A5:A404,A20) -> 0.157064 | D20: =AVERAGEIFS(By_massif_detail!E5:E404,By_massif_detail!A5:A404,A20) -> 0.312328
A22: Δ 2025 − 2010 | B22: =B20-B5 -> 0.036688 | C22: =C20-C5 -> 0.04118 | D22: =D20-D5 -> 0.01298

Sheet By_massif_detail
A1: NDVI, NDMI and SAVI — annual mean per forest massif, 2010–2025
A2: Source: Landsat Collection 2 Level-2 Surface Reflectance (L5/L7/L8/L9), Google Earth Engine, annual median composite per calendar year, zonal mean per massif polygon (30 m). See the Notes sheet for the full method.
A4: Year | B4: Massif | C4: NDVI | D4: NDMI | E4: SAVI
A5: 2010 | B5: Alpilles | C5: 0.5915 | D5: 0.1717 | E5: 0.3212
A6: 2010 | B6: Arbois | C6: 0.495 | D6: 0.0841 | E6: 0.2758
A7: 2010 | B7: Calanques | C7: 0.4564 | D7: 0.0259 | E7: 0.2529
A8: 2010 | B8: Cap Canaille | C8: 0.5454 | D8: 0.0868 | E8: 0.273
A9: 2010 | B9: Castillon | C9: 0.5001 | D9: 0.1044 | E9: 0.2576
A10: 2010 | B10: Chaine des Cotes | C10: 0.5734 | D10: 0.1357 | E10: 0.2991
A11: 2010 | B11: Chambremont | C11: 0.6113 | D11: 0.1294 | E11: 0.3419
A12: 2010 | B12: Collines de Gardanne | C12: 0.5321 | D12: 0.105 | E12: 0.2803
A13: 2010 | B13: Concors | C13: 0.5867 | D13: 0.1145 | E13: 0.2986
A14: 2010 | B14: Cote Bleue | C14: 0.4861 | D14: 0.0738 | E14: 0.2653
A15: 2010 | B15: Etoile | C15: 0.5634 | D15: 0.1195 | E15: 0.3045
A16: 2010 | B16: Garlaban | C16: 0.5417 | D16: 0.0901 | E16: 0.2994
... A404: 2025 | B404: Trevaresse | C404: 0.6023 | D404: 0.1628 | E404: 0.3175

Sheet Notes
A1: Methodology & notes
A3: Study area | B3: 25 forest massifs of Provence (Bouches-du-Rhône), same shapefile (MASSIFS_FORESTIERS_S_013) used throughout this study.
A4: Period | B4: 16 calendar years, 2010–2025 (Jan 1 – Dec 31 of each year), matching the annual cadence already used for the other spectral indices computed for this project (NDVI, NDMI, NDWI, NBR, SAVI, EVI).
A5: Sensor / data source | B5: Landsat Collection 2 Level-2 Surface Reflectance, merged from LANDSAT/LT05/C02/T1_L2 (2010–2012), LANDSAT/LE07/C02/T1_L2, LANDSAT/LC08/C02/T1_L2 and LANDSAT/LC09/C02/T1_L2, via Google Earth Engine.
A6: Cloud/shadow masking | B6: QA_PIXEL bit mask (cloud bit 3, cloud-shadow bit 4) applied before compositing.
A7: Scaling | B7: Optical surface-reflectance bands rescaled with the Collection-2 factors (×0.0000275 − 0.2).
A8: Compositing | B8: Per-year median composite of all cloud/shadow-masked scenes intersecting the study area, Jan 1 – Dec 31.
A9: NDVI formula | B9: NDVI = (NIR − Red) / (NIR + Red).
A10: NDMI formula | B10: NDMI = (NIR − SWIR1) / (NIR + SWIR1).
A11: SAVI formula | B11: SAVI = [(NIR − Red) / (NIR + Red + L)] × (1 + L), with the standard soil-brightness factor L = 0.5.
A12: Band mapping | B12: Landsat 5/7: NIR=SR_B4, Red=SR_B3, SWIR1=SR_B5. Landsat 8/9: NIR=SR_B5, Red=SR_B4, SWIR1=SR_B6.
A13: Zonal statistic | B13: Mean of all valid 30 m pixels within each massif polygon (Earth Engine reduceRegion, mean reducer).
A14: Data provenance | B14: The per-massif, per-year NDVI/NDMI/NDWI/NBR/SAVI/EVI means were computed earlier in this project via Google Earth Engine and captured in full_data.json; this workbook extracts and formats the NDVI, NDMI and SAVI columns requested here. Raw per-massif-per-year values in 'By_massif_detail' are the source inputs; every other number in this workbook is a formula computed from them.
A15: Units | B15: All three indices are dimensionless ratios, typically in the range −1 to 1 (NDVI/NDMI/SAVI here fall roughly between 0.0 and 0.65 for this vegetated study area).
