Workbook

Sheet Data
A1: nom_massif | B1: year | C1: VV_mean_dB | D1: VH_mean_dB
A2: Alpilles | B2: 2015 | C2: -9.1219 | D2: -14.8645
A3: Alpilles | B3: 2016 | C3: -10.2901 | D3: -15.6052
A4: Alpilles | B4: 2017 | C4: -10.142 | D4: -15.5098
A5: Alpilles | B5: 2018 | C5: -10.1899 | D5: -15.7392
A6: Alpilles | B6: 2019 | C6: -10.0566 | D6: -15.7247
A7: Alpilles | B7: 2020 | C7: -10.0421 | D7: -15.6936
A8: Alpilles | B8: 2021 | C8: -9.9381 | D8: -15.6015
A9: Alpilles | B9: 2022 | C9: -9.8556 | D9: -15.4023
A10: Alpilles | B10: 2023 | C10: -9.9319 | D10: -15.5288
A11: Alpilles | B11: 2024 | C11: -10.14 | D11: -15.716
A12: Alpilles | B12: 2025 | C12: -10.1429 | D12: -15.6317
A13: Arbois | B13: 2015 | C13: -9.4072 | D13: -15.1564
... A276: Trevaresse | B276: 2025 | C276: -10.1684 | D276: -15.6087

Sheet Summary
A1: Sentinel-1 VV/VH Backscatter — Joint Analysis, Bouches-du-Rhône Forest Massifs
A2: Department-wide annual mean backscatter (dB), May–June composite, 25 forest massifs, 2015–2025. See the Notes sheet for data availability and methodology.
A4: Year | B4: Mean VV (dB) | C4: Mean VH (dB) | D4: VV − VH (dB) | E4: Massifs averaged (n)
A5: 2015 | B5: =ROUND(AVERAGEIF(Data!$B$2:$B$276,A5,Data!$C$2:$C$276),2) -> -8.9 | C5: =ROUND(AVERAGEIF(Data!$B$2:$B$276,A5,Data!$D$2:$D$276),2) -> -14.59 | D5: =ROUND(B5-C5,2) -> 5.69 | E5: =COUNTIF(Data!$B$2:$B$276,A5) -> 25
A6: 2016 | B6: =ROUND(AVERAGEIF(Data!$B$2:$B$276,A6,Data!$C$2:$C$276),2) -> -10.12 | C6: =ROUND(AVERAGEIF(Data!$B$2:$B$276,A6,Data!$D$2:$D$276),2) -> -15.42 | D6: =ROUND(B6-C6,2) -> 5.3 | E6: =COUNTIF(Data!$B$2:$B$276,A6) -> 25
A7: 2017 | B7: =ROUND(AVERAGEIF(Data!$B$2:$B$276,A7,Data!$C$2:$C$276),2) -> -9.92 | C7: =ROUND(AVERAGEIF(Data!$B$2:$B$276,A7,Data!$D$2:$D$276),2) -> -15.29 | D7: =ROUND(B7-C7,2) -> 5.37 | E7: =COUNTIF(Data!$B$2:$B$276,A7) -> 25
A8: 2018 | B8: =ROUND(AVERAGEIF(Data!$B$2:$B$276,A8,Data!$C$2:$C$276),2) -> -9.93 | C8: =ROUND(AVERAGEIF(Data!$B$2:$B$276,A8,Data!$D$2:$D$276),2) -> -15.49 | D8: =ROUND(B8-C8,2) -> 5.56 | E8: =COUNTIF(Data!$B$2:$B$276,A8) -> 25
A9: 2019 | B9: =ROUND(AVERAGEIF(Data!$B$2:$B$276,A9,Data!$C$2:$C$276),2) -> -9.87 | C9: =ROUND(AVERAGEIF(Data!$B$2:$B$276,A9,Data!$D$2:$D$276),2) -> -15.52 | D9: =ROUND(B9-C9,2) -> 5.65 | E9: =COUNTIF(Data!$B$2:$B$276,A9) -> 25
A10: 2020 | B10: =ROUND(AVERAGEIF(Data!$B$2:$B$276,A10,Data!$C$2:$C$276),2) -> -9.86 | C10: =ROUND(AVERAGEIF(Data!$B$2:$B$276,A10,Data!$D$2:$D$276),2) -> -15.5 | D10: =ROUND(B10-C10,2) -> 5.64 | E10: =COUNTIF(Data!$B$2:$B$276,A10) -> 25
A11: 2021 | B11: =ROUND(AVERAGEIF(Data!$B$2:$B$276,A11,Data!$C$2:$C$276),2) -> -9.85 | C11: =ROUND(AVERAGEIF(Data!$B$2:$B$276,A11,Data!$D$2:$D$276),2) -> -15.52 | D11: =ROUND(B11-C11,2) -> 5.67 | E11: =COUNTIF(Data!$B$2:$B$276,A11) -> 25
A12: 2022 | B12: =ROUND(AVERAGEIF(Data!$B$2:$B$276,A12,Data!$C$2:$C$276),2) -> -9.72 | C12: =ROUND(AVERAGEIF(Data!$B$2:$B$276,A12,Data!$D$2:$D$276),2) -> -15.29 | D12: =ROUND(B12-C12,2) -> 5.57 | E12: =COUNTIF(Data!$B$2:$B$276,A12) -> 25
A13: 2023 | B13: =ROUND(AVERAGEIF(Data!$B$2:$B$276,A13,Data!$C$2:$C$276),2) -> -9.76 | C13: =ROUND(AVERAGEIF(Data!$B$2:$B$276,A13,Data!$D$2:$D$276),2) -> -15.38 | D13: =ROUND(B13-C13,2) -> 5.62 | E13: =COUNTIF(Data!$B$2:$B$276,A13) -> 25
A14: 2024 | B14: =ROUND(AVERAGEIF(Data!$B$2:$B$276,A14,Data!$C$2:$C$276),2) -> -9.93 | C14: =ROUND(AVERAGEIF(Data!$B$2:$B$276,A14,Data!$D$2:$D$276),2) -> -15.51 | D14: =ROUND(B14-C14,2) -> 5.58 | E14: =COUNTIF(Data!$B$2:$B$276,A14) -> 25
A15: 2025 | B15: =ROUND(AVERAGEIF(Data!$B$2:$B$276,A15,Data!$C$2:$C$276),2) -> -9.89 | C15: =ROUND(AVERAGEIF(Data!$B$2:$B$276,A15,Data!$D$2:$D$276),2) -> -15.45 | D15: =ROUND(B15-C15,2) -> 5.56 | E15: =COUNTIF(Data!$B$2:$B$276,A15) -> 25
A17: Note: 2015 reflects fewer available Sentinel-1 scenes (mission start) and should be read with caution — see Notes sheet.

Sheet By_Massif_VV
A1: Mean VV Backscatter (dB) by Massif and Year
A3: Forest massif | B3: 2015 | C3: 2016 | D3: 2017 | E3: 2018 | F3: 2019 | G3: 2020 | H3: 2021 | I3: 2022 | J3: 2023 | K3: 2024 | L3: 2025
A4: Alpilles | B4: =ROUND(SUMIFS(Data!$C$2:$C$276,Data!$A$2:$A$276,$A4,Data!$B$2:$B$276,B$3),2) -> -9.12 | C4: =ROUND(SUMIFS(Data!$C$2:$C$276,Data!$A$2:$A$276,$A4,Data!$B$2:$B$276,C$3),2) -> -10.29 | D4: =ROUND(SUMIFS(Data!$C$2:$C$276,Data!$A$2:$A$276,$A4,Data!$B$2:$B$276,D$3),2) -> -10.14 | E4: =ROUND(SUMIFS(Data!$C$2:$C$276,Data!$A$2:$A$276,$A4,Data!$B$2:$B$276,E$3),2) -> -10.19 | F4: =ROUND(SUMIFS(Data!$C$2:$C$276,Data!$A$2:$A$276,$A4,Data!$B$2:$B$276,F$3),2) -> -10.06 | G4: =ROUND(SUMIFS(Data!$C$2:$C$276,Data!$A$2:$A$276,$A4,Data!$B$2:$B$276,G$3),2) -> -10.04 | H4: =ROUND(SUMIFS(Data!$C$2:$C$276,Data!$A$2:$A$276,$A4,Data!$B$2:$B$276,H$3),2) -> -9.94 | I4: =ROUND(SUMIFS(Data!$C$2:$C$276,Data!$A$2:$A$276,$A4,Data!$B$2:$B$276,I$3),2) -> -9.86 | ... L4: =ROUND(SUMIFS(Data!$C$2:$C$276,Data!$A$2:$A$276,$A4,Data!$B$2:$B$276,L$3),2) -> -10.14
A5: Arbois | B5: =ROUND(SUMIFS(Data!$C$2:$C$276,Data!$A$2:$A$276,$A5,Data!$B$2:$B$276,B$3),2) -> -9.41 | C5: =ROUND(SUMIFS(Data!$C$2:$C$276,Data!$A$2:$A$276,$A5,Data!$B$2:$B$276,C$3),2) -> -10.63 | D5: =ROUND(SUMIFS(Data!$C$2:$C$276,Data!$A$2:$A$276,$A5,Data!$B$2:$B$276,D$3),2) -> -10.45 | E5: =ROUND(SUMIFS(Data!$C$2:$C$276,Data!$A$2:$A$276,$A5,Data!$B$2:$B$276,E$3),2) -> -10.61 | F5: =ROUND(SUMIFS(Data!$C$2:$C$276,Data!$A$2:$A$276,$A5,Data!$B$2:$B$276,F$3),2) -> -10.59 | G5: =ROUND(SUMIFS(Data!$C$2:$C$276,Data!$A$2:$A$276,$A5,Data!$B$2:$B$276,G$3),2) -> -10.5 | H5: =ROUND(SUMIFS(Data!$C$2:$C$276,Data!$A$2:$A$276,$A5,Data!$B$2:$B$276,H$3),2) -> -10.46 | I5: =ROUND(SUMIFS(Data!$C$2:$C$276,Data!$A$2:$A$276,$A5,Data!$B$2:$B$276,I$3),2) -> -10.42 | ... L5: =ROUND(SUMIFS(Data!$C$2:$C$276,Data!$A$2:$A$276,$A5,Data!$B$2:$B$276,L$3),2) -> -10.58
A6: Calanques | B6: =ROUND(SUMIFS(Data!$C$2:$C$276,Data!$A$2:$A$276,$A6,Data!$B$2:$B$276,B$3),2) -> -8.08 | C6: =ROUND(SUMIFS(Data!$C$2:$C$276,Data!$A$2:$A$276,$A6,Data!$B$2:$B$276,C$3),2) -> -8.53 | D6: =ROUND(SUMIFS(Data!$C$2:$C$276,Data!$A$2:$A$276,$A6,Data!$B$2:$B$276,D$3),2) -> -8.08 | E6: =ROUND(SUMIFS(Data!$C$2:$C$276,Data!$A$2:$A$276,$A6,Data!$B$2:$B$276,E$3),2) -> -8.5 | F6: =ROUND(SUMIFS(Data!$C$2:$C$276,Data!$A$2:$A$276,$A6,Data!$B$2:$B$276,F$3),2) -> -7.99 | G6: =ROUND(SUMIFS(Data!$C$2:$C$276,Data!$A$2:$A$276,$A6,Data!$B$2:$B$276,G$3),2) -> -8.36 | H6: =ROUND(SUMIFS(Data!$C$2:$C$276,Data!$A$2:$A$276,$A6,Data!$B$2:$B$276,H$3),2) -> -8.42 | I6: =ROUND(SUMIFS(Data!$C$2:$C$276,Data!$A$2:$A$276,$A6,Data!$B$2:$B$276,I$3),2) -> -8.02 | ... L6: =ROUND(SUMIFS(Data!$C$2:$C$276,Data!$A$2:$A$276,$A6,Data!$B$2:$B$276,L$3),2) -> -8.3
A7: Cap Canaille | B7: =ROUND(SUMIFS(Data!$C$2:$C$276,Data!$A$2:$A$276,$A7,Data!$B$2:$B$276,B$3),2) -> -7.63 | C7: =ROUND(SUMIFS(Data!$C$2:$C$276,Data!$A$2:$A$276,$A7,Data!$B$2:$B$276,C$3),2) -> -9.88 | D7: =ROUND(SUMIFS(Data!$C$2:$C$276,Data!$A$2:$A$276,$A7,Data!$B$2:$B$276,D$3),2) -> -9.25 | E7: =ROUND(SUMIFS(Data!$C$2:$C$276,Data!$A$2:$A$276,$A7,Data!$B$2:$B$276,E$3),2) -> -8.89 | F7: =ROUND(SUMIFS(Data!$C$2:$C$276,Data!$A$2:$A$276,$A7,Data!$B$2:$B$276,F$3),2) -> -8.92 | G7: =ROUND(SUMIFS(Data!$C$2:$C$276,Data!$A$2:$A$276,$A7,Data!$B$2:$B$276,G$3),2) -> -9.2 | H7: =ROUND(SUMIFS(Data!$C$2:$C$276,Data!$A$2:$A$276,$A7,Data!$B$2:$B$276,H$3),2) -> -9.77 | I7: =ROUND(SUMIFS(Data!$C$2:$C$276,Data!$A$2:$A$276,$A7,Data!$B$2:$B$276,I$3),2) -> -8.97 | ... L7: =ROUND(SUMIFS(Data!$C$2:$C$276,Data!$A$2:$A$276,$A7,Data!$B$2:$B$276,L$3),2) -> -9.11
A8: Castillon | B8: =ROUND(SUMIFS(Data!$C$2:$C$276,Data!$A$2:$A$276,$A8,Data!$B$2:$B$276,B$3),2) -> -9.31 | C8: =ROUND(SUMIFS(Data!$C$2:$C$276,Data!$A$2:$A$276,$A8,Data!$B$2:$B$276,C$3),2) -> -10.48 | D8: =ROUND(SUMIFS(Data!$C$2:$C$276,Data!$A$2:$A$276,$A8,Data!$B$2:$B$276,D$3),2) -> -10.34 | E8: =ROUND(SUMIFS(Data!$C$2:$C$276,Data!$A$2:$A$276,$A8,Data!$B$2:$B$276,E$3),2) -> -10.31 | F8: =ROUND(SUMIFS(Data!$C$2:$C$276,Data!$A$2:$A$276,$A8,Data!$B$2:$B$276,F$3),2) -> -10.35 | G8: =ROUND(SUMIFS(Data!$C$2:$C$276,Data!$A$2:$A$276,$A8,Data!$B$2:$B$276,G$3),2) -> -10.07 | H8: =ROUND(SUMIFS(Data!$C$2:$C$276,Data!$A$2:$A$276,$A8,Data!$B$2:$B$276,H$3),2) -> -10.19 | I8: =ROUND(SUMIFS(Data!$C$2:$C$276,Data!$A$2:$A$276,$A8,Data!$B$2:$B$276,I$3),2) -> -10.35 | ... L8: =ROUND(SUMIFS(Data!$C$2:$C$276,Data!$A$2:$A$276,$A8,Data!$B$2:$B$276,L$3),2) -> -10.39
A9: Chaine des Cotes | B9: =ROUND(SUMIFS(Data!$C$2:$C$276,Data!$A$2:$A$276,$A9,Data!$B$2:$B$276,B$3),2) -> -9 | C9: =ROUND(SUMIFS(Data!$C$2:$C$276,Data!$A$2:$A$276,$A9,Data!$B$2:$B$276,C$3),2) -> -10.25 | D9: =ROUND(SUMIFS(Data!$C$2:$C$276,Data!$A$2:$A$276,$A9,Data!$B$2:$B$276,D$3),2) -> -10.18 | E9: =ROUND(SUMIFS(Data!$C$2:$C$276,Data!$A$2:$A$276,$A9,Data!$B$2:$B$276,E$3),2) -> -10.22 | F9: =ROUND(SUMIFS(Data!$C$2:$C$276,Data!$A$2:$A$276,$A9,Data!$B$2:$B$276,F$3),2) -> -10.29 | G9: =ROUND(SUMIFS(Data!$C$2:$C$276,Data!$A$2:$A$276,$A9,Data!$B$2:$B$276,G$3),2) -> -10.11 | H9: =ROUND(SUMIFS(Data!$C$2:$C$276,Data!$A$2:$A$276,$A9,Data!$B$2:$B$276,H$3),2) -> -10.01 | I9: =ROUND(SUMIFS(Data!$C$2:$C$276,Data!$A$2:$A$276,$A9,Data!$B$2:$B$276,I$3),2) -> -9.98 | ... L9: =ROUND(SUMIFS(Data!$C$2:$C$276,Data!$A$2:$A$276,$A9,Data!$B$2:$B$276,L$3),2) -> -10.18
A10: Chambremont | B10: =ROUND(SUMIFS(Data!$C$2:$C$276,Data!$A$2:$A$276,$A10,Data!$B$2:$B$276,B$3),2) -> -9.43 | C10: =ROUND(SUMIFS(Data!$C$2:$C$276,Data!$A$2:$A$276,$A10,Data!$B$2:$B$276,C$3),2) -> -10.58 | D10: =ROUND(SUMIFS(Data!$C$2:$C$276,Data!$A$2:$A$276,$A10,Data!$B$2:$B$276,D$3),2) -> -10.52 | E10: =ROUND(SUMIFS(Data!$C$2:$C$276,Data!$A$2:$A$276,$A10,Data!$B$2:$B$276,E$3),2) -> -10.55 | F10: =ROUND(SUMIFS(Data!$C$2:$C$276,Data!$A$2:$A$276,$A10,Data!$B$2:$B$276,F$3),2) -> -10.45 | G10: =ROUND(SUMIFS(Data!$C$2:$C$276,Data!$A$2:$A$276,$A10,Data!$B$2:$B$276,G$3),2) -> -10.45 | H10: =ROUND(SUMIFS(Data!$C$2:$C$276,Data!$A$2:$A$276,$A10,Data!$B$2:$B$276,H$3),2) -> -10.35 | I10: =ROUND(SUMIFS(Data!$C$2:$C$276,Data!$A$2:$A$276,$A10,Data!$B$2:$B$276,I$3),2) -> -10.36 | ... L10: =ROUND(SUMIFS(Data!$C$2:$C$276,Data!$A$2:$A$276,$A10,Data!$B$2:$B$276,L$3),2) -> -10.57
A11: Collines de Gardanne | B11: =ROUND(SUMIFS(Data!$C$2:$C$276,Data!$A$2:$A$276,$A11,Data!$B$2:$B$276,B$3),2) -> -8.89 | C11: =ROUND(SUMIFS(Data!$C$2:$C$276,Data!$A$2:$A$276,$A11,Data!$B$2:$B$276,C$3),2) -> -10.23 | D11: =ROUND(SUMIFS(Data!$C$2:$C$276,Data!$A$2:$A$276,$A11,Data!$B$2:$B$276,D$3),2) -> -10.05 | E11: =ROUND(SUMIFS(Data!$C$2:$C$276,Data!$A$2:$A$276,$A11,Data!$B$2:$B$276,E$3),2) -> -9.77 | F11: =ROUND(SUMIFS(Data!$C$2:$C$276,Data!$A$2:$A$276,$A11,Data!$B$2:$B$276,F$3),2) -> -10.01 | G11: =ROUND(SUMIFS(Data!$C$2:$C$276,Data!$A$2:$A$276,$A11,Data!$B$2:$B$276,G$3),2) -> -9.82 | H11: =ROUND(SUMIFS(Data!$C$2:$C$276,Data!$A$2:$A$276,$A11,Data!$B$2:$B$276,H$3),2) -> -9.81 | I11: =ROUND(SUMIFS(Data!$C$2:$C$276,Data!$A$2:$A$276,$A11,Data!$B$2:$B$276,I$3),2) -> -9.75 | ... L11: =ROUND(SUMIFS(Data!$C$2:$C$276,Data!$A$2:$A$276,$A11,Data!$B$2:$B$276,L$3),2) -> -9.79
A12: Concors | B12: =ROUND(SUMIFS(Data!$C$2:$C$276,Data!$A$2:$A$276,$A12,Data!$B$2:$B$276,B$3),2) -> -8.85 | C12: =ROUND(SUMIFS(Data!$C$2:$C$276,Data!$A$2:$A$276,$A12,Data!$B$2:$B$276,C$3),2) -> -10.19 | D12: =ROUND(SUMIFS(Data!$C$2:$C$276,Data!$A$2:$A$276,$A12,Data!$B$2:$B$276,D$3),2) -> -10.09 | E12: =ROUND(SUMIFS(Data!$C$2:$C$276,Data!$A$2:$A$276,$A12,Data!$B$2:$B$276,E$3),2) -> -9.86 | F12: =ROUND(SUMIFS(Data!$C$2:$C$276,Data!$A$2:$A$276,$A12,Data!$B$2:$B$276,F$3),2) -> -10.11 | G12: =ROUND(SUMIFS(Data!$C$2:$C$276,Data!$A$2:$A$276,$A12,Data!$B$2:$B$276,G$3),2) -> -10.01 | H12: =ROUND(SUMIFS(Data!$C$2:$C$276,Data!$A$2:$A$276,$A12,Data!$B$2:$B$276,H$3),2) -> -9.97 | I12: =ROUND(SUMIFS(Data!$C$2:$C$276,Data!$A$2:$A$276,$A12,Data!$B$2:$B$276,I$3),2) -> -9.86 | ... L12: =ROUND(SUMIFS(Data!$C$2:$C$276,Data!$A$2:$A$276,$A12,Data!$B$2:$B$276,L$3),2) -> -9.96
A13: Cote Bleue | B13: =ROUND(SUMIFS(Data!$C$2:$C$276,Data!$A$2:$A$276,$A13,Data!$B$2:$B$276,B$3),2) -> -8.72 | C13: =ROUND(SUMIFS(Data!$C$2:$C$276,Data!$A$2:$A$276,$A13,Data!$B$2:$B$276,C$3),2) -> -9.81 | D13: =ROUND(SUMIFS(Data!$C$2:$C$276,Data!$A$2:$A$276,$A13,Data!$B$2:$B$276,D$3),2) -> -9.69 | E13: =ROUND(SUMIFS(Data!$C$2:$C$276,Data!$A$2:$A$276,$A13,Data!$B$2:$B$276,E$3),2) -> -9.96 | F13: =ROUND(SUMIFS(Data!$C$2:$C$276,Data!$A$2:$A$276,$A13,Data!$B$2:$B$276,F$3),2) -> -9.68 | G13: =ROUND(SUMIFS(Data!$C$2:$C$276,Data!$A$2:$A$276,$A13,Data!$B$2:$B$276,G$3),2) -> -9.82 | H13: =ROUND(SUMIFS(Data!$C$2:$C$276,Data!$A$2:$A$276,$A13,Data!$B$2:$B$276,H$3),2) -> -9.71 | I13: =ROUND(SUMIFS(Data!$C$2:$C$276,Data!$A$2:$A$276,$A13,Data!$B$2:$B$276,I$3),2) -> -9.41 | ... L13: =ROUND(SUMIFS(Data!$C$2:$C$276,Data!$A$2:$A$276,$A13,Data!$B$2:$B$276,L$3),2) -> -9.71
A14: Etoile | B14: =ROUND(SUMIFS(Data!$C$2:$C$276,Data!$A$2:$A$276,$A14,Data!$B$2:$B$276,B$3),2) -> -9.02 | C14: =ROUND(SUMIFS(Data!$C$2:$C$276,Data!$A$2:$A$276,$A14,Data!$B$2:$B$276,C$3),2) -> -9.92 | D14: =ROUND(SUMIFS(Data!$C$2:$C$276,Data!$A$2:$A$276,$A14,Data!$B$2:$B$276,D$3),2) -> -9.58 | E14: =ROUND(SUMIFS(Data!$C$2:$C$276,Data!$A$2:$A$276,$A14,Data!$B$2:$B$276,E$3),2) -> -9.78 | F14: =ROUND(SUMIFS(Data!$C$2:$C$276,Data!$A$2:$A$276,$A14,Data!$B$2:$B$276,F$3),2) -> -9.56 | G14: =ROUND(SUMIFS(Data!$C$2:$C$276,Data!$A$2:$A$276,$A14,Data!$B$2:$B$276,G$3),2) -> -9.69 | H14: =ROUND(SUMIFS(Data!$C$2:$C$276,Data!$A$2:$A$276,$A14,Data!$B$2:$B$276,H$3),2) -> -9.66 | I14: =ROUND(SUMIFS(Data!$C$2:$C$276,Data!$A$2:$A$276,$A14,Data!$B$2:$B$276,I$3),2) -> -9.39 | ... L14: =ROUND(SUMIFS(Data!$C$2:$C$276,Data!$A$2:$A$276,$A14,Data!$B$2:$B$276,L$3),2) -> -9.58
A15: Garlaban | B15: =ROUND(SUMIFS(Data!$C$2:$C$276,Data!$A$2:$A$276,$A15,Data!$B$2:$B$276,B$3),2) -> -8.11 | C15: =ROUND(SUMIFS(Data!$C$2:$C$276,Data!$A$2:$A$276,$A15,Data!$B$2:$B$276,C$3),2) -> -9.4 | D15: =ROUND(SUMIFS(Data!$C$2:$C$276,Data!$A$2:$A$276,$A15,Data!$B$2:$B$276,D$3),2) -> -9.2 | E15: =ROUND(SUMIFS(Data!$C$2:$C$276,Data!$A$2:$A$276,$A15,Data!$B$2:$B$276,E$3),2) -> -9.37 | F15: =ROUND(SUMIFS(Data!$C$2:$C$276,Data!$A$2:$A$276,$A15,Data!$B$2:$B$276,F$3),2) -> -9.01 | G15: =ROUND(SUMIFS(Data!$C$2:$C$276,Data!$A$2:$A$276,$A15,Data!$B$2:$B$276,G$3),2) -> -9.25 | H15: =ROUND(SUMIFS(Data!$C$2:$C$276,Data!$A$2:$A$276,$A15,Data!$B$2:$B$276,H$3),2) -> -9.19 | I15: =ROUND(SUMIFS(Data!$C$2:$C$276,Data!$A$2:$A$276,$A15,Data!$B$2:$B$276,I$3),2) -> -8.93 | ... L15: =ROUND(SUMIFS(Data!$C$2:$C$276,Data!$A$2:$A$276,$A15,Data!$B$2:$B$276,L$3),2) -> -9.11
... A28: Trevaresse | B28: =ROUND(SUMIFS(Data!$C$2:$C$276,Data!$A$2:$A$276,$A28,Data!$B$2:$B$276,B$3),2) -> -9.59 | C28: =ROUND(SUMIFS(Data!$C$2:$C$276,Data!$A$2:$A$276,$A28,Data!$B$2:$B$276,C$3),2) -> -10.49 | D28: =ROUND(SUMIFS(Data!$C$2:$C$276,Data!$A$2:$A$276,$A28,Data!$B$2:$B$276,D$3),2) -> -10.33 | E28: =ROUND(SUMIFS(Data!$C$2:$C$276,Data!$A$2:$A$276,$A28,Data!$B$2:$B$276,E$3),2) -> -10.1 | F28: =ROUND(SUMIFS(Data!$C$2:$C$276,Data!$A$2:$A$276,$A28,Data!$B$2:$B$276,F$3),2) -> -10.31 | G28: =ROUND(SUMIFS(Data!$C$2:$C$276,Data!$A$2:$A$276,$A28,Data!$B$2:$B$276,G$3),2) -> -10.1 | H28: =ROUND(SUMIFS(Data!$C$2:$C$276,Data!$A$2:$A$276,$A28,Data!$B$2:$B$276,H$3),2) -> -10.12 | I28: =ROUND(SUMIFS(Data!$C$2:$C$276,Data!$A$2:$A$276,$A28,Data!$B$2:$B$276,I$3),2) -> -10.05 | ... L28: =ROUND(SUMIFS(Data!$C$2:$C$276,Data!$A$2:$A$276,$A28,Data!$B$2:$B$276,L$3),2) -> -10.17

Sheet By_Massif_VH
A1: Mean VH Backscatter (dB) by Massif and Year
A3: Forest massif | B3: 2015 | C3: 2016 | D3: 2017 | E3: 2018 | F3: 2019 | G3: 2020 | H3: 2021 | I3: 2022 | J3: 2023 | K3: 2024 | L3: 2025
A4: Alpilles | B4: =ROUND(SUMIFS(Data!$D$2:$D$276,Data!$A$2:$A$276,$A4,Data!$B$2:$B$276,B$3),2) -> -14.86 | C4: =ROUND(SUMIFS(Data!$D$2:$D$276,Data!$A$2:$A$276,$A4,Data!$B$2:$B$276,C$3),2) -> -15.61 | D4: =ROUND(SUMIFS(Data!$D$2:$D$276,Data!$A$2:$A$276,$A4,Data!$B$2:$B$276,D$3),2) -> -15.51 | E4: =ROUND(SUMIFS(Data!$D$2:$D$276,Data!$A$2:$A$276,$A4,Data!$B$2:$B$276,E$3),2) -> -15.74 | F4: =ROUND(SUMIFS(Data!$D$2:$D$276,Data!$A$2:$A$276,$A4,Data!$B$2:$B$276,F$3),2) -> -15.72 | G4: =ROUND(SUMIFS(Data!$D$2:$D$276,Data!$A$2:$A$276,$A4,Data!$B$2:$B$276,G$3),2) -> -15.69 | H4: =ROUND(SUMIFS(Data!$D$2:$D$276,Data!$A$2:$A$276,$A4,Data!$B$2:$B$276,H$3),2) -> -15.6 | I4: =ROUND(SUMIFS(Data!$D$2:$D$276,Data!$A$2:$A$276,$A4,Data!$B$2:$B$276,I$3),2) -> -15.4 | ... L4: =ROUND(SUMIFS(Data!$D$2:$D$276,Data!$A$2:$A$276,$A4,Data!$B$2:$B$276,L$3),2) -> -15.63
A5: Arbois | B5: =ROUND(SUMIFS(Data!$D$2:$D$276,Data!$A$2:$A$276,$A5,Data!$B$2:$B$276,B$3),2) -> -15.16 | C5: =ROUND(SUMIFS(Data!$D$2:$D$276,Data!$A$2:$A$276,$A5,Data!$B$2:$B$276,C$3),2) -> -15.96 | D5: =ROUND(SUMIFS(Data!$D$2:$D$276,Data!$A$2:$A$276,$A5,Data!$B$2:$B$276,D$3),2) -> -16.1 | E5: =ROUND(SUMIFS(Data!$D$2:$D$276,Data!$A$2:$A$276,$A5,Data!$B$2:$B$276,E$3),2) -> -16.43 | F5: =ROUND(SUMIFS(Data!$D$2:$D$276,Data!$A$2:$A$276,$A5,Data!$B$2:$B$276,F$3),2) -> -16.44 | G5: =ROUND(SUMIFS(Data!$D$2:$D$276,Data!$A$2:$A$276,$A5,Data!$B$2:$B$276,G$3),2) -> -16.32 | H5: =ROUND(SUMIFS(Data!$D$2:$D$276,Data!$A$2:$A$276,$A5,Data!$B$2:$B$276,H$3),2) -> -16.3 | I5: =ROUND(SUMIFS(Data!$D$2:$D$276,Data!$A$2:$A$276,$A5,Data!$B$2:$B$276,I$3),2) -> -16.17 | ... L5: =ROUND(SUMIFS(Data!$D$2:$D$276,Data!$A$2:$A$276,$A5,Data!$B$2:$B$276,L$3),2) -> -16.26
A6: Calanques | B6: =ROUND(SUMIFS(Data!$D$2:$D$276,Data!$A$2:$A$276,$A6,Data!$B$2:$B$276,B$3),2) -> -13.49 | C6: =ROUND(SUMIFS(Data!$D$2:$D$276,Data!$A$2:$A$276,$A6,Data!$B$2:$B$276,C$3),2) -> -13.68 | D6: =ROUND(SUMIFS(Data!$D$2:$D$276,Data!$A$2:$A$276,$A6,Data!$B$2:$B$276,D$3),2) -> -13.28 | E6: =ROUND(SUMIFS(Data!$D$2:$D$276,Data!$A$2:$A$276,$A6,Data!$B$2:$B$276,E$3),2) -> -14 | F6: =ROUND(SUMIFS(Data!$D$2:$D$276,Data!$A$2:$A$276,$A6,Data!$B$2:$B$276,F$3),2) -> -13.37 | G6: =ROUND(SUMIFS(Data!$D$2:$D$276,Data!$A$2:$A$276,$A6,Data!$B$2:$B$276,G$3),2) -> -13.86 | H6: =ROUND(SUMIFS(Data!$D$2:$D$276,Data!$A$2:$A$276,$A6,Data!$B$2:$B$276,H$3),2) -> -13.9 | I6: =ROUND(SUMIFS(Data!$D$2:$D$276,Data!$A$2:$A$276,$A6,Data!$B$2:$B$276,I$3),2) -> -13.36 | ... L6: =ROUND(SUMIFS(Data!$D$2:$D$276,Data!$A$2:$A$276,$A6,Data!$B$2:$B$276,L$3),2) -> -13.64
A7: Cap Canaille | B7: =ROUND(SUMIFS(Data!$D$2:$D$276,Data!$A$2:$A$276,$A7,Data!$B$2:$B$276,B$3),2) -> -13.49 | C7: =ROUND(SUMIFS(Data!$D$2:$D$276,Data!$A$2:$A$276,$A7,Data!$B$2:$B$276,C$3),2) -> -15.24 | D7: =ROUND(SUMIFS(Data!$D$2:$D$276,Data!$A$2:$A$276,$A7,Data!$B$2:$B$276,D$3),2) -> -14.67 | E7: =ROUND(SUMIFS(Data!$D$2:$D$276,Data!$A$2:$A$276,$A7,Data!$B$2:$B$276,E$3),2) -> -14.68 | F7: =ROUND(SUMIFS(Data!$D$2:$D$276,Data!$A$2:$A$276,$A7,Data!$B$2:$B$276,F$3),2) -> -14.55 | G7: =ROUND(SUMIFS(Data!$D$2:$D$276,Data!$A$2:$A$276,$A7,Data!$B$2:$B$276,G$3),2) -> -14.91 | H7: =ROUND(SUMIFS(Data!$D$2:$D$276,Data!$A$2:$A$276,$A7,Data!$B$2:$B$276,H$3),2) -> -15.39 | I7: =ROUND(SUMIFS(Data!$D$2:$D$276,Data!$A$2:$A$276,$A7,Data!$B$2:$B$276,I$3),2) -> -14.53 | ... L7: =ROUND(SUMIFS(Data!$D$2:$D$276,Data!$A$2:$A$276,$A7,Data!$B$2:$B$276,L$3),2) -> -14.72
A8: Castillon | B8: =ROUND(SUMIFS(Data!$D$2:$D$276,Data!$A$2:$A$276,$A8,Data!$B$2:$B$276,B$3),2) -> -15.08 | C8: =ROUND(SUMIFS(Data!$D$2:$D$276,Data!$A$2:$A$276,$A8,Data!$B$2:$B$276,C$3),2) -> -15.82 | D8: =ROUND(SUMIFS(Data!$D$2:$D$276,Data!$A$2:$A$276,$A8,Data!$B$2:$B$276,D$3),2) -> -15.8 | E8: =ROUND(SUMIFS(Data!$D$2:$D$276,Data!$A$2:$A$276,$A8,Data!$B$2:$B$276,E$3),2) -> -15.96 | F8: =ROUND(SUMIFS(Data!$D$2:$D$276,Data!$A$2:$A$276,$A8,Data!$B$2:$B$276,F$3),2) -> -16.08 | G8: =ROUND(SUMIFS(Data!$D$2:$D$276,Data!$A$2:$A$276,$A8,Data!$B$2:$B$276,G$3),2) -> -15.76 | H8: =ROUND(SUMIFS(Data!$D$2:$D$276,Data!$A$2:$A$276,$A8,Data!$B$2:$B$276,H$3),2) -> -16.09 | I8: =ROUND(SUMIFS(Data!$D$2:$D$276,Data!$A$2:$A$276,$A8,Data!$B$2:$B$276,I$3),2) -> -16.14 | ... L8: =ROUND(SUMIFS(Data!$D$2:$D$276,Data!$A$2:$A$276,$A8,Data!$B$2:$B$276,L$3),2) -> -16.08
A9: Chaine des Cotes | B9: =ROUND(SUMIFS(Data!$D$2:$D$276,Data!$A$2:$A$276,$A9,Data!$B$2:$B$276,B$3),2) -> -14.51 | C9: =ROUND(SUMIFS(Data!$D$2:$D$276,Data!$A$2:$A$276,$A9,Data!$B$2:$B$276,C$3),2) -> -15.4 | D9: =ROUND(SUMIFS(Data!$D$2:$D$276,Data!$A$2:$A$276,$A9,Data!$B$2:$B$276,D$3),2) -> -15.37 | E9: =ROUND(SUMIFS(Data!$D$2:$D$276,Data!$A$2:$A$276,$A9,Data!$B$2:$B$276,E$3),2) -> -15.6 | F9: =ROUND(SUMIFS(Data!$D$2:$D$276,Data!$A$2:$A$276,$A9,Data!$B$2:$B$276,F$3),2) -> -15.79 | G9: =ROUND(SUMIFS(Data!$D$2:$D$276,Data!$A$2:$A$276,$A9,Data!$B$2:$B$276,G$3),2) -> -15.56 | H9: =ROUND(SUMIFS(Data!$D$2:$D$276,Data!$A$2:$A$276,$A9,Data!$B$2:$B$276,H$3),2) -> -15.48 | I9: =ROUND(SUMIFS(Data!$D$2:$D$276,Data!$A$2:$A$276,$A9,Data!$B$2:$B$276,I$3),2) -> -15.39 | ... L9: =ROUND(SUMIFS(Data!$D$2:$D$276,Data!$A$2:$A$276,$A9,Data!$B$2:$B$276,L$3),2) -> -15.6
A10: Chambremont | B10: =ROUND(SUMIFS(Data!$D$2:$D$276,Data!$A$2:$A$276,$A10,Data!$B$2:$B$276,B$3),2) -> -15.38 | C10: =ROUND(SUMIFS(Data!$D$2:$D$276,Data!$A$2:$A$276,$A10,Data!$B$2:$B$276,C$3),2) -> -16.11 | D10: =ROUND(SUMIFS(Data!$D$2:$D$276,Data!$A$2:$A$276,$A10,Data!$B$2:$B$276,D$3),2) -> -16.21 | E10: =ROUND(SUMIFS(Data!$D$2:$D$276,Data!$A$2:$A$276,$A10,Data!$B$2:$B$276,E$3),2) -> -16.39 | F10: =ROUND(SUMIFS(Data!$D$2:$D$276,Data!$A$2:$A$276,$A10,Data!$B$2:$B$276,F$3),2) -> -16.41 | G10: =ROUND(SUMIFS(Data!$D$2:$D$276,Data!$A$2:$A$276,$A10,Data!$B$2:$B$276,G$3),2) -> -16.42 | H10: =ROUND(SUMIFS(Data!$D$2:$D$276,Data!$A$2:$A$276,$A10,Data!$B$2:$B$276,H$3),2) -> -16.37 | I10: =ROUND(SUMIFS(Data!$D$2:$D$276,Data!$A$2:$A$276,$A10,Data!$B$2:$B$276,I$3),2) -> -16.36 | ... L10: =ROUND(SUMIFS(Data!$D$2:$D$276,Data!$A$2:$A$276,$A10,Data!$B$2:$B$276,L$3),2) -> -16.46
A11: Collines de Gardanne | B11: =ROUND(SUMIFS(Data!$D$2:$D$276,Data!$A$2:$A$276,$A11,Data!$B$2:$B$276,B$3),2) -> -14.48 | C11: =ROUND(SUMIFS(Data!$D$2:$D$276,Data!$A$2:$A$276,$A11,Data!$B$2:$B$276,C$3),2) -> -15.46 | D11: =ROUND(SUMIFS(Data!$D$2:$D$276,Data!$A$2:$A$276,$A11,Data!$B$2:$B$276,D$3),2) -> -15.34 | E11: =ROUND(SUMIFS(Data!$D$2:$D$276,Data!$A$2:$A$276,$A11,Data!$B$2:$B$276,E$3),2) -> -15.16 | F11: =ROUND(SUMIFS(Data!$D$2:$D$276,Data!$A$2:$A$276,$A11,Data!$B$2:$B$276,F$3),2) -> -15.61 | G11: =ROUND(SUMIFS(Data!$D$2:$D$276,Data!$A$2:$A$276,$A11,Data!$B$2:$B$276,G$3),2) -> -15.37 | H11: =ROUND(SUMIFS(Data!$D$2:$D$276,Data!$A$2:$A$276,$A11,Data!$B$2:$B$276,H$3),2) -> -15.42 | I11: =ROUND(SUMIFS(Data!$D$2:$D$276,Data!$A$2:$A$276,$A11,Data!$B$2:$B$276,I$3),2) -> -15.2 | ... L11: =ROUND(SUMIFS(Data!$D$2:$D$276,Data!$A$2:$A$276,$A11,Data!$B$2:$B$276,L$3),2) -> -15.27
A12: Concors | B12: =ROUND(SUMIFS(Data!$D$2:$D$276,Data!$A$2:$A$276,$A12,Data!$B$2:$B$276,B$3),2) -> -14.51 | C12: =ROUND(SUMIFS(Data!$D$2:$D$276,Data!$A$2:$A$276,$A12,Data!$B$2:$B$276,C$3),2) -> -15.49 | D12: =ROUND(SUMIFS(Data!$D$2:$D$276,Data!$A$2:$A$276,$A12,Data!$B$2:$B$276,D$3),2) -> -15.49 | E12: =ROUND(SUMIFS(Data!$D$2:$D$276,Data!$A$2:$A$276,$A12,Data!$B$2:$B$276,E$3),2) -> -15.33 | F12: =ROUND(SUMIFS(Data!$D$2:$D$276,Data!$A$2:$A$276,$A12,Data!$B$2:$B$276,F$3),2) -> -15.81 | G12: =ROUND(SUMIFS(Data!$D$2:$D$276,Data!$A$2:$A$276,$A12,Data!$B$2:$B$276,G$3),2) -> -15.65 | H12: =ROUND(SUMIFS(Data!$D$2:$D$276,Data!$A$2:$A$276,$A12,Data!$B$2:$B$276,H$3),2) -> -15.64 | I12: =ROUND(SUMIFS(Data!$D$2:$D$276,Data!$A$2:$A$276,$A12,Data!$B$2:$B$276,I$3),2) -> -15.41 | ... L12: =ROUND(SUMIFS(Data!$D$2:$D$276,Data!$A$2:$A$276,$A12,Data!$B$2:$B$276,L$3),2) -> -15.55
A13: Cote Bleue | B13: =ROUND(SUMIFS(Data!$D$2:$D$276,Data!$A$2:$A$276,$A13,Data!$B$2:$B$276,B$3),2) -> -14.57 | C13: =ROUND(SUMIFS(Data!$D$2:$D$276,Data!$A$2:$A$276,$A13,Data!$B$2:$B$276,C$3),2) -> -15.19 | D13: =ROUND(SUMIFS(Data!$D$2:$D$276,Data!$A$2:$A$276,$A13,Data!$B$2:$B$276,D$3),2) -> -15.23 | E13: =ROUND(SUMIFS(Data!$D$2:$D$276,Data!$A$2:$A$276,$A13,Data!$B$2:$B$276,E$3),2) -> -15.75 | F13: =ROUND(SUMIFS(Data!$D$2:$D$276,Data!$A$2:$A$276,$A13,Data!$B$2:$B$276,F$3),2) -> -15.46 | G13: =ROUND(SUMIFS(Data!$D$2:$D$276,Data!$A$2:$A$276,$A13,Data!$B$2:$B$276,G$3),2) -> -15.61 | H13: =ROUND(SUMIFS(Data!$D$2:$D$276,Data!$A$2:$A$276,$A13,Data!$B$2:$B$276,H$3),2) -> -15.55 | I13: =ROUND(SUMIFS(Data!$D$2:$D$276,Data!$A$2:$A$276,$A13,Data!$B$2:$B$276,I$3),2) -> -15.08 | ... L13: =ROUND(SUMIFS(Data!$D$2:$D$276,Data!$A$2:$A$276,$A13,Data!$B$2:$B$276,L$3),2) -> -15.36
A14: Etoile | B14: =ROUND(SUMIFS(Data!$D$2:$D$276,Data!$A$2:$A$276,$A14,Data!$B$2:$B$276,B$3),2) -> -14.67 | C14: =ROUND(SUMIFS(Data!$D$2:$D$276,Data!$A$2:$A$276,$A14,Data!$B$2:$B$276,C$3),2) -> -15.22 | D14: =ROUND(SUMIFS(Data!$D$2:$D$276,Data!$A$2:$A$276,$A14,Data!$B$2:$B$276,D$3),2) -> -14.98 | E14: =ROUND(SUMIFS(Data!$D$2:$D$276,Data!$A$2:$A$276,$A14,Data!$B$2:$B$276,E$3),2) -> -15.35 | F14: =ROUND(SUMIFS(Data!$D$2:$D$276,Data!$A$2:$A$276,$A14,Data!$B$2:$B$276,F$3),2) -> -15.17 | G14: =ROUND(SUMIFS(Data!$D$2:$D$276,Data!$A$2:$A$276,$A14,Data!$B$2:$B$276,G$3),2) -> -15.29 | H14: =ROUND(SUMIFS(Data!$D$2:$D$276,Data!$A$2:$A$276,$A14,Data!$B$2:$B$276,H$3),2) -> -15.24 | I14: =ROUND(SUMIFS(Data!$D$2:$D$276,Data!$A$2:$A$276,$A14,Data!$B$2:$B$276,I$3),2) -> -14.86 | ... L14: =ROUND(SUMIFS(Data!$D$2:$D$276,Data!$A$2:$A$276,$A14,Data!$B$2:$B$276,L$3),2) -> -15.06
A15: Garlaban | B15: =ROUND(SUMIFS(Data!$D$2:$D$276,Data!$A$2:$A$276,$A15,Data!$B$2:$B$276,B$3),2) -> -13.89 | C15: =ROUND(SUMIFS(Data!$D$2:$D$276,Data!$A$2:$A$276,$A15,Data!$B$2:$B$276,C$3),2) -> -14.85 | D15: =ROUND(SUMIFS(Data!$D$2:$D$276,Data!$A$2:$A$276,$A15,Data!$B$2:$B$276,D$3),2) -> -14.64 | E15: =ROUND(SUMIFS(Data!$D$2:$D$276,Data!$A$2:$A$276,$A15,Data!$B$2:$B$276,E$3),2) -> -15.02 | F15: =ROUND(SUMIFS(Data!$D$2:$D$276,Data!$A$2:$A$276,$A15,Data!$B$2:$B$276,F$3),2) -> -14.7 | G15: =ROUND(SUMIFS(Data!$D$2:$D$276,Data!$A$2:$A$276,$A15,Data!$B$2:$B$276,G$3),2) -> -14.95 | H15: =ROUND(SUMIFS(Data!$D$2:$D$276,Data!$A$2:$A$276,$A15,Data!$B$2:$B$276,H$3),2) -> -14.89 | I15: =ROUND(SUMIFS(Data!$D$2:$D$276,Data!$A$2:$A$276,$A15,Data!$B$2:$B$276,I$3),2) -> -14.54 | ... L15: =ROUND(SUMIFS(Data!$D$2:$D$276,Data!$A$2:$A$276,$A15,Data!$B$2:$B$276,L$3),2) -> -14.71
... A28: Trevaresse | B28: =ROUND(SUMIFS(Data!$D$2:$D$276,Data!$A$2:$A$276,$A28,Data!$B$2:$B$276,B$3),2) -> -15.05 | C28: =ROUND(SUMIFS(Data!$D$2:$D$276,Data!$A$2:$A$276,$A28,Data!$B$2:$B$276,C$3),2) -> -15.67 | D28: =ROUND(SUMIFS(Data!$D$2:$D$276,Data!$A$2:$A$276,$A28,Data!$B$2:$B$276,D$3),2) -> -15.55 | E28: =ROUND(SUMIFS(Data!$D$2:$D$276,Data!$A$2:$A$276,$A28,Data!$B$2:$B$276,E$3),2) -> -15.45 | F28: =ROUND(SUMIFS(Data!$D$2:$D$276,Data!$A$2:$A$276,$A28,Data!$B$2:$B$276,F$3),2) -> -15.84 | G28: =ROUND(SUMIFS(Data!$D$2:$D$276,Data!$A$2:$A$276,$A28,Data!$B$2:$B$276,G$3),2) -> -15.58 | H28: =ROUND(SUMIFS(Data!$D$2:$D$276,Data!$A$2:$A$276,$A28,Data!$B$2:$B$276,H$3),2) -> -15.63 | I28: =ROUND(SUMIFS(Data!$D$2:$D$276,Data!$A$2:$A$276,$A28,Data!$B$2:$B$276,I$3),2) -> -15.49 | ... L28: =ROUND(SUMIFS(Data!$D$2:$D$276,Data!$A$2:$A$276,$A28,Data!$B$2:$B$276,L$3),2) -> -15.61

Sheet Notes
A1: Sentinel-1 VV/VH Backscatter — Methodology Notes
A3: Source: Copernicus Sentinel-1 GRD (COPERNICUS/S1_GRD), Interferometric Wide (IW) swath mode, VV and VH polarisations, processed in Google Earth Engine.
A5: Temporal coverage: 2015–2025. Sentinel-1A launched April 2014 and only reached stable operational coverage over Europe from late 2014; 2010–2014 have no usable Sentinel-1 data and are not included (this is a satellite-availability constraint, not a processing choice).
A7: Compositing window: 1 May – 30 June each year, matching the NDVI/NDMI/SAVI annual composites used elsewhere in this study, for direct cross-sensor and year-to-year comparability.
A9: Processing: both ascending and descending orbit passes were retained to maximise revisit frequency. For each year and massif, the per-pixel median of all available VV and VH scenes in the window was computed — this multi-temporal median is the speckle-reduction filter, consistent with Section 2.6 of the study. Values are in decibels (dB), as delivered by the GEE-preprocessed S1_GRD collection.
A11: Zonal statistics: mean VV and VH per massif were computed at 10 m (Sentinel-1 native resolution) over each of the 25 officially designated Bouches-du-Rhône forest massifs (EPSG:2154).
A13: Caveat — 2015: the first partial year of the series has fewer available Sentinel-1 acquisitions (Sentinel-1A only, mission still ramping up), so its per-massif and department-wide means are based on a smaller sample and should be interpreted with more caution than later years.
A15: Interpretation: VV backscatter is primarily sensitive to surface roughness and near-surface soil moisture, while VH (cross-polarised) backscatter is more sensitive to volume scattering from canopy structure, density and moisture content — their joint analysis is used in this study as a cloud-independent complement to the optical vegetation indices (NDVI, NDMI, SAVI).
A17: References: Torres, R. et al. GMES Sentinel-1 mission. Remote Sens. Environ. 2012, 120, 9–24. · Ban, Y. et al. Near real-time wildfire progression monitoring with Sentinel-1 SAR time series. Sci. Rep. 2020, 10, 1322.
A19: Generated via Google Earth Engine (project hale-dynamo-473013-s7); raw per-massif values on the Data sheet, exported from Google Drive folder GEE_exports_S1_backscatter.
